start_time,away_team,away_team_score,home_team,home_team_score
2019-10-23 00:00:00+00:00,NEW ORLEANS PELICANS,122,TORONTO RAPTORS,130
2019-10-23 02:30:00+00:00,LOS ANGELES LAKERS,102,LOS ANGELES CLIPPERS,112
2019-10-23 23:00:00+00:00,CHICAGO BULLS,125,CHARLOTTE HORNETS,126
2019-10-23 23:00:00+00:00,DETROIT PISTONS,119,INDIANA PACERS,110
2019-10-23 23:00:00+00:00,CLEVELAND CAVALIERS,85,ORLANDO MAGIC,94
2019-10-23 23:30:00+00:00,MINNESOTA TIMBERWOLVES,127,BROOKLYN NETS,126
2019-10-23 23:30:00+00:00,MEMPHIS GRIZZLIES,101,MIAMI HEAT,120
2019-10-23 23:30:00+00:00,BOSTON CELTICS,93,PHILADELPHIA 76ERS,107
2019-10-24 00:30:00+00:00,WASHINGTON WIZARDS,100,DALLAS MAVERICKS,108
2019-10-24 00:30:00+00:00,NEW YORK KNICKS,111,SAN ANTONIO SPURS,120
2019-10-24 01:00:00+00:00,OKLAHOMA CITY THUNDER,95,UTAH JAZZ,100
2019-10-24 02:00:00+00:00,SACRAMENTO KINGS,95,PHOENIX SUNS,124
2019-10-24 02:00:00+00:00,DENVER NUGGETS,108,PORTLAND TRAIL BLAZERS,100
2019-10-24 23:00:00+00:00,ATLANTA HAWKS,117,DETROIT PISTONS,100
2019-10-25 00:00:00+00:00,MILWAUKEE BUCKS,117,HOUSTON ROCKETS,111
2019-10-25 02:30:00+00:00,LOS ANGELES CLIPPERS,141,GOLDEN STATE WARRIORS,122
2019-10-25 23:00:00+00:00,TORONTO RAPTORS,106,BOSTON CELTICS,112
2019-10-25 23:00:00+00:00,MINNESOTA TIMBERWOLVES,121,CHARLOTTE HORNETS,99
2019-10-25 23:30:00+00:00,NEW YORK KNICKS,109,BROOKLYN NETS,113
2019-10-26 00:00:00+00:00,CHICAGO BULLS,110,MEMPHIS GRIZZLIES,102
2019-10-26 00:00:00+00:00,DALLAS MAVERICKS,123,NEW ORLEANS PELICANS,116
2019-10-26 00:00:00+00:00,WASHINGTON WIZARDS,97,OKLAHOMA CITY THUNDER,85
2019-10-26 01:00:00+00:00,PHOENIX SUNS,107,DENVER NUGGETS,108
2019-10-26 02:00:00+00:00,PORTLAND TRAIL BLAZERS,122,SACRAMENTO KINGS,112
2019-10-26 02:30:00+00:00,UTAH JAZZ,86,LOS ANGELES LAKERS,95
2019-10-26 21:00:00+00:00,MIAMI HEAT,131,MILWAUKEE BUCKS,126
2019-10-26 23:00:00+00:00,PHILADELPHIA 76ERS,117,DETROIT PISTONS,111
2019-10-26 23:30:00+00:00,ORLANDO MAGIC,99,ATLANTA HAWKS,103
2019-10-26 23:30:00+00:00,BOSTON CELTICS,118,NEW YORK KNICKS,95
2019-10-27 00:00:00+00:00,TORONTO RAPTORS,108,CHICAGO BULLS,84
2019-10-27 00:00:00+00:00,INDIANA PACERS,99,CLEVELAND CAVALIERS,110
2019-10-27 00:00:00+00:00,NEW ORLEANS PELICANS,123,HOUSTON ROCKETS,126
2019-10-27 00:30:00+00:00,WASHINGTON WIZARDS,122,SAN ANTONIO SPURS,124
2019-10-27 01:00:00+00:00,SACRAMENTO KINGS,81,UTAH JAZZ,113
2019-10-27 02:00:00+00:00,LOS ANGELES CLIPPERS,122,PHOENIX SUNS,130
2019-10-27 19:30:00+00:00,GOLDEN STATE WARRIORS,92,OKLAHOMA CITY THUNDER,120
2019-10-27 22:00:00+00:00,BROOKLYN NETS,133,MEMPHIS GRIZZLIES,134
2019-10-27 23:00:00+00:00,PORTLAND TRAIL BLAZERS,121,DALLAS MAVERICKS,119
2019-10-27 23:00:00+00:00,MIAMI HEAT,109,MINNESOTA TIMBERWOLVES,116
2019-10-28 01:30:00+00:00,CHARLOTTE HORNETS,101,LOS ANGELES LAKERS,120
2019-10-28 23:00:00+00:00,CHICAGO BULLS,98,NEW YORK KNICKS,105
2019-10-28 23:00:00+00:00,INDIANA PACERS,94,DETROIT PISTONS,96
2019-10-28 23:30:00+00:00,ORLANDO MAGIC,95,TORONTO RAPTORS,104
2019-10-28 23:30:00+00:00,PHILADELPHIA 76ERS,105,ATLANTA HAWKS,103
2019-10-29 00:00:00+00:00,OKLAHOMA CITY THUNDER,112,HOUSTON ROCKETS,116
2019-10-29 00:00:00+00:00,CLEVELAND CAVALIERS,112,MILWAUKEE BUCKS,129
2019-10-29 00:00:00+00:00,GOLDEN STATE WARRIORS,134,NEW ORLEANS PELICANS,123
2019-10-29 00:30:00+00:00,PORTLAND TRAIL BLAZERS,110,SAN ANTONIO SPURS,113
2019-10-29 02:00:00+00:00,UTAH JAZZ,96,PHOENIX SUNS,95
2019-10-29 02:00:00+00:00,DENVER NUGGETS,101,SACRAMENTO KINGS,94
2019-10-29 02:30:00+00:00,CHARLOTTE HORNETS,96,LOS ANGELES CLIPPERS,111
2019-10-29 23:30:00+00:00,ATLANTA HAWKS,97,MIAMI HEAT,112
2019-10-30 01:00:00+00:00,DALLAS MAVERICKS,109,DENVER NUGGETS,106
2019-10-30 02:30:00+00:00,MEMPHIS GRIZZLIES,91,LOS ANGELES LAKERS,120
2019-10-30 23:00:00+00:00,CHICAGO BULLS,111,CLEVELAND CAVALIERS,117
2019-10-30 23:00:00+00:00,NEW YORK KNICKS,83,ORLANDO MAGIC,95
2019-10-30 23:00:00+00:00,MINNESOTA TIMBERWOLVES,95,PHILADELPHIA 76ERS,117
2019-10-30 23:30:00+00:00,MILWAUKEE BUCKS,105,BOSTON CELTICS,116
2019-10-30 23:30:00+00:00,INDIANA PACERS,118,BROOKLYN NETS,108
2019-10-30 23:30:00+00:00,DETROIT PISTONS,113,TORONTO RAPTORS,125
2019-10-31 00:00:00+00:00,PORTLAND TRAIL BLAZERS,102,OKLAHOMA CITY THUNDER,99
2019-10-31 00:00:00+00:00,HOUSTON ROCKETS,159,WASHINGTON WIZARDS,158
2019-10-31 02:00:00+00:00,CHARLOTTE HORNETS,118,SACRAMENTO KINGS,111
2019-10-31 02:00:00+00:00,LOS ANGELES CLIPPERS,96,UTAH JAZZ,110
2019-10-31 02:30:00+00:00,PHOENIX SUNS,121,GOLDEN STATE WARRIORS,110
2019-10-31 23:00:00+00:00,MIAMI HEAT,106,ATLANTA HAWKS,97
2019-11-01 01:30:00+00:00,DENVER NUGGETS,107,NEW ORLEANS PELICANS,122
2019-11-01 02:30:00+00:00,SAN ANTONIO SPURS,97,LOS ANGELES CLIPPERS,103
2019-11-01 23:00:00+00:00,HOUSTON ROCKETS,116,BROOKLYN NETS,123
2019-11-01 23:00:00+00:00,CLEVELAND CAVALIERS,95,INDIANA PACERS,102
2019-11-01 23:00:00+00:00,MILWAUKEE BUCKS,123,ORLANDO MAGIC,91
2019-11-01 23:30:00+00:00,NEW YORK KNICKS,102,BOSTON CELTICS,104
2019-11-02 00:00:00+00:00,DETROIT PISTONS,106,CHICAGO BULLS,112
2019-11-02 01:30:00+00:00,LOS ANGELES LAKERS,119,DALLAS MAVERICKS,110
2019-11-02 02:00:00+00:00,UTAH JAZZ,101,SACRAMENTO KINGS,102
2019-11-02 02:30:00+00:00,SAN ANTONIO SPURS,127,GOLDEN STATE WARRIORS,110
2019-11-02 21:00:00+00:00,NEW ORLEANS PELICANS,104,OKLAHOMA CITY THUNDER,115
2019-11-02 23:00:00+00:00,BROOKLYN NETS,109,DETROIT PISTONS,113
2019-11-02 23:00:00+00:00,DENVER NUGGETS,91,ORLANDO MAGIC,87
2019-11-03 00:00:00+00:00,PHOENIX SUNS,114,MEMPHIS GRIZZLIES,105
2019-11-03 00:00:00+00:00,TORONTO RAPTORS,105,MILWAUKEE BUCKS,115
2019-11-03 00:00:00+00:00,MINNESOTA TIMBERWOLVES,131,WASHINGTON WIZARDS,109
2019-11-03 00:30:00+00:00,CHARLOTTE HORNETS,93,GOLDEN STATE WARRIORS,87
2019-11-03 02:00:00+00:00,PHILADELPHIA 76ERS,129,PORTLAND TRAIL BLAZERS,128
2019-11-03 22:00:00+00:00,CHICAGO BULLS,95,INDIANA PACERS,108
2019-11-03 23:00:00+00:00,HOUSTON ROCKETS,100,MIAMI HEAT,129
2019-11-03 23:00:00+00:00,SACRAMENTO KINGS,113,NEW YORK KNICKS,92
2019-11-04 00:00:00+00:00,LOS ANGELES LAKERS,103,SAN ANTONIO SPURS,96
2019-11-04 00:30:00+00:00,DALLAS MAVERICKS,131,CLEVELAND CAVALIERS,111
2019-11-04 02:00:00+00:00,UTAH JAZZ,94,LOS ANGELES CLIPPERS,105
2019-11-05 00:00:00+00:00,DETROIT PISTONS,99,WASHINGTON WIZARDS,115
2019-11-05 00:30:00+00:00,NEW ORLEANS PELICANS,125,BROOKLYN NETS,135
2019-11-05 01:00:00+00:00,HOUSTON ROCKETS,107,MEMPHIS GRIZZLIES,100
2019-11-05 01:00:00+00:00,MILWAUKEE BUCKS,134,MINNESOTA TIMBERWOLVES,106
2019-11-05 02:00:00+00:00,PHILADELPHIA 76ERS,109,PHOENIX SUNS,114
2019-11-05 03:30:00+00:00,PORTLAND TRAIL BLAZERS,118,GOLDEN STATE WARRIORS,127
2019-11-06 00:00:00+00:00,INDIANA PACERS,120,CHARLOTTE HORNETS,122
2019-11-06 00:00:00+00:00,BOSTON CELTICS,119,CLEVELAND CAVALIERS,113
2019-11-06 00:30:00+00:00,SAN ANTONIO SPURS,100,ATLANTA HAWKS,108
2019-11-06 01:00:00+00:00,LOS ANGELES LAKERS,118,CHICAGO BULLS,112
2019-11-06 01:00:00+00:00,ORLANDO MAGIC,94,OKLAHOMA CITY THUNDER,102
2019-11-06 02:00:00+00:00,MIAMI HEAT,89,DENVER NUGGETS,109
2019-11-07 00:00:00+00:00,NEW YORK KNICKS,102,DETROIT PISTONS,122
2019-11-07 00:00:00+00:00,WASHINGTON WIZARDS,106,INDIANA PACERS,121
2019-11-07 00:30:00+00:00,CHICAGO BULLS,113,ATLANTA HAWKS,93
2019-11-07 00:30:00+00:00,GOLDEN STATE WARRIORS,112,HOUSTON ROCKETS,129
2019-11-07 00:30:00+00:00,SACRAMENTO KINGS,120,TORONTO RAPTORS,124
2019-11-07 01:00:00+00:00,MINNESOTA TIMBERWOLVES,121,MEMPHIS GRIZZLIES,137
2019-11-07 01:30:00+00:00,ORLANDO MAGIC,106,DALLAS MAVERICKS,107
2019-11-07 02:00:00+00:00,PHILADELPHIA 76ERS,104,UTAH JAZZ,106
2019-11-07 03:00:00+00:00,MILWAUKEE BUCKS,129,LOS ANGELES CLIPPERS,124
2019-11-08 01:00:00+00:00,BOSTON CELTICS,108,CHARLOTTE HORNETS,87
2019-11-08 01:30:00+00:00,OKLAHOMA CITY THUNDER,112,SAN ANTONIO SPURS,121
2019-11-08 02:00:00+00:00,MIAMI HEAT,124,PHOENIX SUNS,108
2019-11-08 03:30:00+00:00,PORTLAND TRAIL BLAZERS,101,LOS ANGELES CLIPPERS,107
2019-11-09 00:00:00+00:00,DETROIT PISTONS,106,INDIANA PACERS,112
2019-11-09 00:00:00+00:00,MEMPHIS GRIZZLIES,86,ORLANDO MAGIC,118
2019-11-09 00:00:00+00:00,CLEVELAND CAVALIERS,113,WASHINGTON WIZARDS,100
2019-11-09 00:30:00+00:00,SACRAMENTO KINGS,121,ATLANTA HAWKS,109
2019-11-09 01:00:00+00:00,GOLDEN STATE WARRIORS,119,MINNESOTA TIMBERWOLVES,125
2019-11-09 01:00:00+00:00,TORONTO RAPTORS,122,NEW ORLEANS PELICANS,104
2019-11-09 01:30:00+00:00,NEW YORK KNICKS,106,DALLAS MAVERICKS,102
2019-11-09 02:00:00+00:00,PHILADELPHIA 76ERS,97,DENVER NUGGETS,100
2019-11-09 02:00:00+00:00,MILWAUKEE BUCKS,100,UTAH JAZZ,103
2019-11-09 03:00:00+00:00,BROOKLYN NETS,119,PORTLAND TRAIL BLAZERS,115
2019-11-09 03:30:00+00:00,MIAMI HEAT,80,LOS ANGELES LAKERS,95
2019-11-09 22:00:00+00:00,BOSTON CELTICS,135,SAN ANTONIO SPURS,115
2019-11-10 00:00:00+00:00,NEW ORLEANS PELICANS,115,CHARLOTTE HORNETS,110
2019-11-10 01:00:00+00:00,HOUSTON ROCKETS,117,CHICAGO BULLS,94
2019-11-10 01:00:00+00:00,DALLAS MAVERICKS,138,MEMPHIS GRIZZLIES,122
2019-11-10 01:00:00+00:00,GOLDEN STATE WARRIORS,108,OKLAHOMA CITY THUNDER,114
2019-11-10 20:30:00+00:00,DENVER NUGGETS,100,MINNESOTA TIMBERWOLVES,98
2019-11-10 23:00:00+00:00,INDIANA PACERS,109,ORLANDO MAGIC,102
2019-11-10 23:00:00+00:00,CHARLOTTE HORNETS,106,PHILADELPHIA 76ERS,114
2019-11-11 00:00:00+00:00,MILWAUKEE BUCKS,121,OKLAHOMA CITY THUNDER,119
2019-11-11 00:30:00+00:00,CLEVELAND CAVALIERS,108,NEW YORK KNICKS,87
2019-11-11 01:00:00+00:00,BROOKLYN NETS,112,PHOENIX SUNS,138
2019-11-11 02:00:00+00:00,ATLANTA HAWKS,113,PORTLAND TRAIL BLAZERS,124
2019-11-11 02:30:00+00:00,TORONTO RAPTORS,113,LOS ANGELES LAKERS,104
2019-11-12 00:00:00+00:00,MINNESOTA TIMBERWOLVES,120,DETROIT PISTONS,114
2019-11-12 00:30:00+00:00,DALLAS MAVERICKS,106,BOSTON CELTICS,116
2019-11-12 00:30:00+00:00,MEMPHIS GRIZZLIES,113,SAN ANTONIO SPURS,109
2019-11-12 01:00:00+00:00,HOUSTON ROCKETS,122,NEW ORLEANS PELICANS,116
2019-11-12 03:30:00+00:00,UTAH JAZZ,122,GOLDEN STATE WARRIORS,108
2019-11-12 03:30:00+00:00,TORONTO RAPTORS,88,LOS ANGELES CLIPPERS,98
2019-11-13 00:00:00+00:00,OKLAHOMA CITY THUNDER,85,INDIANA PACERS,111
2019-11-13 00:00:00+00:00,CLEVELAND CAVALIERS,97,PHILADELPHIA 76ERS,98
2019-11-13 00:30:00+00:00,DETROIT PISTONS,108,MIAMI HEAT,117
2019-11-13 01:00:00+00:00,NEW YORK KNICKS,102,CHICAGO BULLS,120
2019-11-13 02:00:00+00:00,ATLANTA HAWKS,125,DENVER NUGGETS,121
2019-11-13 02:00:00+00:00,LOS ANGELES LAKERS,123,PHOENIX SUNS,115
2019-11-13 02:00:00+00:00,BROOKLYN NETS,114,UTAH JAZZ,119
2019-11-13 03:00:00+00:00,PORTLAND TRAIL BLAZERS,99,SACRAMENTO KINGS,107
2019-11-14 00:00:00+00:00,MEMPHIS GRIZZLIES,119,CHARLOTTE HORNETS,117
2019-11-14 00:00:00+00:00,PHILADELPHIA 76ERS,97,ORLANDO MAGIC,112
2019-11-14 00:30:00+00:00,WASHINGTON WIZARDS,133,BOSTON CELTICS,140
2019-11-14 00:30:00+00:00,LOS ANGELES CLIPPERS,93,HOUSTON ROCKETS,102
2019-11-14 01:00:00+00:00,SAN ANTONIO SPURS,114,MINNESOTA TIMBERWOLVES,129
2019-11-14 03:00:00+00:00,GOLDEN STATE WARRIORS,94,LOS ANGELES LAKERS,120
2019-11-14 03:00:00+00:00,TORONTO RAPTORS,114,PORTLAND TRAIL BLAZERS,106
2019-11-14 23:00:00+00:00,MIAMI HEAT,108,CLEVELAND CAVALIERS,97
2019-11-15 01:00:00+00:00,CHICAGO BULLS,115,MILWAUKEE BUCKS,124
2019-11-15 01:00:00+00:00,LOS ANGELES CLIPPERS,127,NEW ORLEANS PELICANS,132
2019-11-15 01:00:00+00:00,DALLAS MAVERICKS,103,NEW YORK KNICKS,106
2019-11-15 02:00:00+00:00,ATLANTA HAWKS,112,PHOENIX SUNS,128
2019-11-15 03:30:00+00:00,BROOKLYN NETS,93,DENVER NUGGETS,101
2019-11-16 00:00:00+00:00,DETROIT PISTONS,106,CHARLOTTE HORNETS,109
2019-11-16 00:00:00+00:00,SAN ANTONIO SPURS,109,ORLANDO MAGIC,111
2019-11-16 01:00:00+00:00,INDIANA PACERS,102,HOUSTON ROCKETS,111
2019-11-16 01:00:00+00:00,UTAH JAZZ,106,MEMPHIS GRIZZLIES,107
2019-11-16 01:00:00+00:00,WASHINGTON WIZARDS,137,MINNESOTA TIMBERWOLVES,116
2019-11-16 01:00:00+00:00,PHILADELPHIA 76ERS,119,OKLAHOMA CITY THUNDER,127
2019-11-16 03:30:00+00:00,BOSTON CELTICS,105,GOLDEN STATE WARRIORS,100
2019-11-16 03:30:00+00:00,SACRAMENTO KINGS,97,LOS ANGELES LAKERS,99
2019-11-16 23:00:00+00:00,BROOKLYN NETS,117,CHICAGO BULLS,111
2019-11-17 00:00:00+00:00,MILWAUKEE BUCKS,102,INDIANA PACERS,83
2019-11-17 00:30:00+00:00,CHARLOTTE HORNETS,103,NEW YORK KNICKS,102
2019-11-17 01:00:00+00:00,NEW ORLEANS PELICANS,94,MIAMI HEAT,109
2019-11-17 01:00:00+00:00,HOUSTON ROCKETS,125,MINNESOTA TIMBERWOLVES,105
2019-11-17 01:30:00+00:00,TORONTO RAPTORS,102,DALLAS MAVERICKS,110
2019-11-17 01:30:00+00:00,PORTLAND TRAIL BLAZERS,121,SAN ANTONIO SPURS,116
2019-11-17 03:30:00+00:00,ATLANTA HAWKS,101,LOS ANGELES CLIPPERS,150
2019-11-17 20:00:00+00:00,PHILADELPHIA 76ERS,114,CLEVELAND CAVALIERS,95
2019-11-17 20:30:00+00:00,BOSTON CELTICS,99,SACRAMENTO KINGS,100
2019-11-17 23:00:00+00:00,DENVER NUGGETS,131,MEMPHIS GRIZZLIES,114
2019-11-17 23:00:00+00:00,WASHINGTON WIZARDS,121,ORLANDO MAGIC,125
2019-11-18 00:00:00+00:00,GOLDEN STATE WARRIORS,100,NEW ORLEANS PELICANS,108
2019-11-18 02:30:00+00:00,ATLANTA HAWKS,101,LOS ANGELES LAKERS,122
2019-11-19 00:00:00+00:00,CLEVELAND CAVALIERS,105,NEW YORK KNICKS,123
2019-11-19 00:30:00+00:00,INDIANA PACERS,115,BROOKLYN NETS,86
2019-11-19 00:30:00+00:00,CHARLOTTE HORNETS,96,TORONTO RAPTORS,132
2019-11-19 01:00:00+00:00,MILWAUKEE BUCKS,115,CHICAGO BULLS,101
2019-11-19 01:00:00+00:00,PORTLAND TRAIL BLAZERS,108,HOUSTON ROCKETS,132
2019-11-19 01:30:00+00:00,SAN ANTONIO SPURS,110,DALLAS MAVERICKS,117
2019-11-19 02:00:00+00:00,BOSTON CELTICS,99,PHOENIX SUNS,85
2019-11-19 02:00:00+00:00,MINNESOTA TIMBERWOLVES,112,UTAH JAZZ,102
2019-11-19 03:30:00+00:00,OKLAHOMA CITY THUNDER,88,LOS ANGELES CLIPPERS,90
2019-11-20 01:00:00+00:00,GOLDEN STATE WARRIORS,114,MEMPHIS GRIZZLIES,95
2019-11-20 01:00:00+00:00,PORTLAND TRAIL BLAZERS,104,NEW ORLEANS PELICANS,115
2019-11-20 03:00:00+00:00,PHOENIX SUNS,116,SACRAMENTO KINGS,120
2019-11-20 03:30:00+00:00,OKLAHOMA CITY THUNDER,107,LOS ANGELES LAKERS,112
2019-11-21 00:00:00+00:00,NEW YORK KNICKS,104,PHILADELPHIA 76ERS,109
2019-11-21 00:00:00+00:00,SAN ANTONIO SPURS,132,WASHINGTON WIZARDS,138
2019-11-21 00:30:00+00:00,MILWAUKEE BUCKS,135,ATLANTA HAWKS,127
2019-11-21 00:30:00+00:00,CHARLOTTE HORNETS,91,BROOKLYN NETS,101
2019-11-21 00:30:00+00:00,GOLDEN STATE WARRIORS,94,DALLAS MAVERICKS,142
2019-11-21 00:30:00+00:00,CLEVELAND CAVALIERS,100,MIAMI HEAT,124
2019-11-21 00:30:00+00:00,ORLANDO MAGIC,97,TORONTO RAPTORS,113
2019-11-21 01:00:00+00:00,DETROIT PISTONS,89,CHICAGO BULLS,109
2019-11-21 01:00:00+00:00,UTAH JAZZ,103,MINNESOTA TIMBERWOLVES,95
2019-11-21 02:00:00+00:00,HOUSTON ROCKETS,95,DENVER NUGGETS,105
2019-11-21 03:00:00+00:00,BOSTON CELTICS,104,LOS ANGELES CLIPPERS,107
2019-11-22 01:00:00+00:00,PORTLAND TRAIL BLAZERS,129,MILWAUKEE BUCKS,137
2019-11-22 03:30:00+00:00,NEW ORLEANS PELICANS,124,PHOENIX SUNS,121
2019-11-23 00:00:00+00:00,ATLANTA HAWKS,103,DETROIT PISTONS,128
2019-11-23 00:00:00+00:00,CHARLOTTE HORNETS,118,WASHINGTON WIZARDS,125
2019-11-23 00:30:00+00:00,SACRAMENTO KINGS,97,BROOKLYN NETS,116
2019-11-23 01:00:00+00:00,MIAMI HEAT,116,CHICAGO BULLS,108
2019-11-23 01:00:00+00:00,LOS ANGELES LAKERS,130,OKLAHOMA CITY THUNDER,127
2019-11-23 01:00:00+00:00,SAN ANTONIO SPURS,104,PHILADELPHIA 76ERS,115
2019-11-23 01:30:00+00:00,CLEVELAND CAVALIERS,101,DALLAS MAVERICKS,143
2019-11-23 02:00:00+00:00,BOSTON CELTICS,92,DENVER NUGGETS,96
2019-11-23 02:00:00+00:00,GOLDEN STATE WARRIORS,109,UTAH JAZZ,113
2019-11-23 03:30:00+00:00,HOUSTON ROCKETS,119,LOS ANGELES CLIPPERS,122
2019-11-23 22:00:00+00:00,PHOENIX SUNS,100,MINNESOTA TIMBERWOLVES,98
2019-11-24 00:00:00+00:00,CHICAGO BULLS,116,CHARLOTTE HORNETS,115
2019-11-24 00:00:00+00:00,ORLANDO MAGIC,106,INDIANA PACERS,111
2019-11-24 00:30:00+00:00,TORONTO RAPTORS,119,ATLANTA HAWKS,116
2019-11-24 00:30:00+00:00,SAN ANTONIO SPURS,111,NEW YORK KNICKS,104
2019-11-24 00:30:00+00:00,MIAMI HEAT,86,PHILADELPHIA 76ERS,113
2019-11-24 01:00:00+00:00,PORTLAND TRAIL BLAZERS,104,CLEVELAND CAVALIERS,110
2019-11-24 01:00:00+00:00,LOS ANGELES LAKERS,109,MEMPHIS GRIZZLIES,108
2019-11-24 01:30:00+00:00,DETROIT PISTONS,90,MILWAUKEE BUCKS,104
2019-11-24 02:00:00+00:00,NEW ORLEANS PELICANS,120,UTAH JAZZ,128
2019-11-24 20:30:00+00:00,DALLAS MAVERICKS,137,HOUSTON ROCKETS,123
2019-11-24 23:00:00+00:00,BROOKLYN NETS,103,NEW YORK KNICKS,101
2019-11-24 23:00:00+00:00,SACRAMENTO KINGS,113,WASHINGTON WIZARDS,106
2019-11-25 01:00:00+00:00,PHOENIX SUNS,104,DENVER NUGGETS,116
2019-11-25 02:00:00+00:00,NEW ORLEANS PELICANS,109,LOS ANGELES CLIPPERS,134
2019-11-26 00:00:00+00:00,BROOKLYN NETS,108,CLEVELAND CAVALIERS,106
2019-11-26 00:00:00+00:00,ORLANDO MAGIC,88,DETROIT PISTONS,103
2019-11-26 00:00:00+00:00,MEMPHIS GRIZZLIES,114,INDIANA PACERS,126
2019-11-26 00:30:00+00:00,MINNESOTA TIMBERWOLVES,125,ATLANTA HAWKS,113
2019-11-26 00:30:00+00:00,SACRAMENTO KINGS,102,BOSTON CELTICS,103
2019-11-26 00:30:00+00:00,CHARLOTTE HORNETS,100,MIAMI HEAT,117
2019-11-26 00:30:00+00:00,PHILADELPHIA 76ERS,96,TORONTO RAPTORS,101
2019-11-26 01:00:00+00:00,PORTLAND TRAIL BLAZERS,117,CHICAGO BULLS,94
2019-11-26 01:00:00+00:00,UTAH JAZZ,118,MILWAUKEE BUCKS,122
2019-11-26 01:30:00+00:00,LOS ANGELES LAKERS,114,SAN ANTONIO SPURS,104
2019-11-26 03:30:00+00:00,OKLAHOMA CITY THUNDER,100,GOLDEN STATE WARRIORS,97
2019-11-27 01:30:00+00:00,LOS ANGELES CLIPPERS,114,DALLAS MAVERICKS,99
2019-11-27 02:00:00+00:00,WASHINGTON WIZARDS,104,DENVER NUGGETS,117
2019-11-28 00:00:00+00:00,BROOKLYN NETS,110,BOSTON CELTICS,121
2019-11-28 00:00:00+00:00,DETROIT PISTONS,101,CHARLOTTE HORNETS,102
2019-11-28 00:00:00+00:00,ORLANDO MAGIC,116,CLEVELAND CAVALIERS,104
2019-11-28 00:00:00+00:00,UTAH JAZZ,102,INDIANA PACERS,121
2019-11-28 00:00:00+00:00,SACRAMENTO KINGS,91,PHILADELPHIA 76ERS,97
2019-11-28 00:30:00+00:00,NEW YORK KNICKS,98,TORONTO RAPTORS,126
2019-11-28 01:00:00+00:00,MIAMI HEAT,108,HOUSTON ROCKETS,117
2019-11-28 01:00:00+00:00,LOS ANGELES CLIPPERS,121,MEMPHIS GRIZZLIES,119
2019-11-28 01:00:00+00:00,ATLANTA HAWKS,102,MILWAUKEE BUCKS,111
2019-11-28 01:30:00+00:00,MINNESOTA TIMBERWOLVES,113,SAN ANTONIO SPURS,101
2019-11-28 02:00:00+00:00,WASHINGTON WIZARDS,140,PHOENIX SUNS,132
2019-11-28 02:30:00+00:00,LOS ANGELES LAKERS,114,NEW ORLEANS PELICANS,110
2019-11-28 03:00:00+00:00,OKLAHOMA CITY THUNDER,119,PORTLAND TRAIL BLAZERS,136
2019-11-28 03:30:00+00:00,CHICAGO BULLS,90,GOLDEN STATE WARRIORS,104
2019-11-29 17:00:00+00:00,BOSTON CELTICS,107,BROOKLYN NETS,112
2019-11-30 00:00:00+00:00,CHARLOTTE HORNETS,110,DETROIT PISTONS,107
2019-11-30 00:00:00+00:00,TORONTO RAPTORS,90,ORLANDO MAGIC,83
2019-11-30 00:30:00+00:00,MILWAUKEE BUCKS,119,CLEVELAND CAVALIERS,110
2019-11-30 00:30:00+00:00,PHILADELPHIA 76ERS,101,NEW YORK KNICKS,95
2019-11-30 01:00:00+00:00,ATLANTA HAWKS,104,INDIANA PACERS,105
2019-11-30 01:00:00+00:00,UTAH JAZZ,103,MEMPHIS GRIZZLIES,94
2019-11-30 01:00:00+00:00,GOLDEN STATE WARRIORS,105,MIAMI HEAT,122
2019-11-30 01:00:00+00:00,NEW ORLEANS PELICANS,104,OKLAHOMA CITY THUNDER,109
2019-11-30 01:30:00+00:00,LOS ANGELES CLIPPERS,97,SAN ANTONIO SPURS,107
2019-11-30 02:00:00+00:00,DALLAS MAVERICKS,120,PHOENIX SUNS,113
2019-11-30 03:00:00+00:00,CHICAGO BULLS,103,PORTLAND TRAIL BLAZERS,107
2019-11-30 03:30:00+00:00,WASHINGTON WIZARDS,103,LOS ANGELES LAKERS,125
2019-11-30 22:00:00+00:00,DENVER NUGGETS,97,SACRAMENTO KINGS,100
2019-12-01 00:00:00+00:00,INDIANA PACERS,116,PHILADELPHIA 76ERS,119
2019-12-01 01:00:00+00:00,ATLANTA HAWKS,111,HOUSTON ROCKETS,158
2019-12-01 01:00:00+00:00,CHARLOTTE HORNETS,96,MILWAUKEE BUCKS,137
2019-12-01 20:00:00+00:00,MIAMI HEAT,109,BROOKLYN NETS,106
2019-12-01 20:30:00+00:00,MEMPHIS GRIZZLIES,115,MINNESOTA TIMBERWOLVES,107
2019-12-01 20:30:00+00:00,BOSTON CELTICS,113,NEW YORK KNICKS,104
2019-12-01 21:00:00+00:00,DALLAS MAVERICKS,114,LOS ANGELES LAKERS,100
2019-12-01 22:00:00+00:00,SAN ANTONIO SPURS,98,DETROIT PISTONS,132
2019-12-01 22:00:00+00:00,OKLAHOMA CITY THUNDER,107,NEW ORLEANS PELICANS,104
2019-12-01 23:00:00+00:00,GOLDEN STATE WARRIORS,96,ORLANDO MAGIC,100
2019-12-01 23:00:00+00:00,UTAH JAZZ,110,TORONTO RAPTORS,130
2019-12-02 03:30:00+00:00,WASHINGTON WIZARDS,125,LOS ANGELES CLIPPERS,150
2019-12-03 00:00:00+00:00,PHOENIX SUNS,109,CHARLOTTE HORNETS,104
2019-12-03 00:00:00+00:00,UTAH JAZZ,94,PHILADELPHIA 76ERS,103
2019-12-03 00:30:00+00:00,GOLDEN STATE WARRIORS,79,ATLANTA HAWKS,104
2019-12-03 01:00:00+00:00,INDIANA PACERS,117,MEMPHIS GRIZZLIES,104
2019-12-03 01:00:00+00:00,NEW YORK KNICKS,88,MILWAUKEE BUCKS,132
2019-12-03 03:00:00+00:00,CHICAGO BULLS,113,SACRAMENTO KINGS,106
2019-12-04 00:00:00+00:00,DETROIT PISTONS,127,CLEVELAND CAVALIERS,94
2019-12-04 00:00:00+00:00,ORLANDO MAGIC,127,WASHINGTON WIZARDS,120
2019-12-04 00:30:00+00:00,DALLAS MAVERICKS,118,NEW ORLEANS PELICANS,97
2019-12-04 00:30:00+00:00,MIAMI HEAT,121,TORONTO RAPTORS,110
2019-12-04 01:30:00+00:00,HOUSTON ROCKETS,133,SAN ANTONIO SPURS,135
2019-12-04 02:00:00+00:00,LOS ANGELES LAKERS,105,DENVER NUGGETS,96
2019-12-04 03:00:00+00:00,PORTLAND TRAIL BLAZERS,97,LOS ANGELES CLIPPERS,117
2019-12-05 00:00:00+00:00,GOLDEN STATE WARRIORS,91,CHARLOTTE HORNETS,106
2019-12-05 00:00:00+00:00,MILWAUKEE BUCKS,127,DETROIT PISTONS,103
2019-12-05 00:00:00+00:00,PHOENIX SUNS,114,ORLANDO MAGIC,128
2019-12-05 00:30:00+00:00,BROOKLYN NETS,130,ATLANTA HAWKS,118
2019-12-05 00:30:00+00:00,MIAMI HEAT,93,BOSTON CELTICS,112
2019-12-05 01:00:00+00:00,MEMPHIS GRIZZLIES,99,CHICAGO BULLS,106
2019-12-05 01:00:00+00:00,INDIANA PACERS,107,OKLAHOMA CITY THUNDER,100
2019-12-05 01:30:00+00:00,MINNESOTA TIMBERWOLVES,114,DALLAS MAVERICKS,121
2019-12-05 02:00:00+00:00,LOS ANGELES LAKERS,121,UTAH JAZZ,96
2019-12-05 03:00:00+00:00,SACRAMENTO KINGS,116,PORTLAND TRAIL BLAZERS,127
2019-12-06 00:00:00+00:00,PHILADELPHIA 76ERS,113,WASHINGTON WIZARDS,119
2019-12-06 00:30:00+00:00,DENVER NUGGETS,129,NEW YORK KNICKS,92
2019-12-06 00:30:00+00:00,HOUSTON ROCKETS,119,TORONTO RAPTORS,109
2019-12-06 01:00:00+00:00,PHOENIX SUNS,139,NEW ORLEANS PELICANS,132
2019-12-07 00:00:00+00:00,BROOKLYN NETS,111,CHARLOTTE HORNETS,104
2019-12-07 00:00:00+00:00,ORLANDO MAGIC,93,CLEVELAND CAVALIERS,87
2019-12-07 00:00:00+00:00,INDIANA PACERS,101,DETROIT PISTONS,108
2019-12-07 01:00:00+00:00,DENVER NUGGETS,95,BOSTON CELTICS,108
2019-12-07 01:00:00+00:00,GOLDEN STATE WARRIORS,100,CHICAGO BULLS,98
2019-12-07 01:00:00+00:00,WASHINGTON WIZARDS,103,MIAMI HEAT,112
2019-12-07 01:00:00+00:00,MINNESOTA TIMBERWOLVES,127,OKLAHOMA CITY THUNDER,139
2019-12-07 01:30:00+00:00,LOS ANGELES CLIPPERS,91,MILWAUKEE BUCKS,119
2019-12-07 01:30:00+00:00,SACRAMENTO KINGS,104,SAN ANTONIO SPURS,105
2019-12-07 03:30:00+00:00,LOS ANGELES LAKERS,136,PORTLAND TRAIL BLAZERS,113
2019-12-07 19:00:00+00:00,NEW ORLEANS PELICANS,84,DALLAS MAVERICKS,130
2019-12-08 00:30:00+00:00,INDIANA PACERS,104,NEW YORK KNICKS,103
2019-12-08 00:30:00+00:00,CLEVELAND CAVALIERS,94,PHILADELPHIA 76ERS,141
2019-12-08 01:00:00+00:00,PHOENIX SUNS,109,HOUSTON ROCKETS,115
2019-12-08 03:00:00+00:00,MEMPHIS GRIZZLIES,112,UTAH JAZZ,126
2019-12-08 20:00:00+00:00,DENVER NUGGETS,102,BROOKLYN NETS,105
2019-12-08 22:00:00+00:00,ATLANTA HAWKS,122,CHARLOTTE HORNETS,107
2019-12-08 23:00:00+00:00,CHICAGO BULLS,105,MIAMI HEAT,110
2019-12-08 23:00:00+00:00,TORONTO RAPTORS,104,PHILADELPHIA 76ERS,110
2019-12-08 23:00:00+00:00,LOS ANGELES CLIPPERS,135,WASHINGTON WIZARDS,119
2019-12-09 00:00:00+00:00,SACRAMENTO KINGS,110,DALLAS MAVERICKS,106
2019-12-09 02:00:00+00:00,OKLAHOMA CITY THUNDER,108,PORTLAND TRAIL BLAZERS,96
2019-12-09 02:30:00+00:00,MINNESOTA TIMBERWOLVES,125,LOS ANGELES LAKERS,142
2019-12-10 00:00:00+00:00,LOS ANGELES CLIPPERS,110,INDIANA PACERS,99
2019-12-10 00:30:00+00:00,CLEVELAND CAVALIERS,88,BOSTON CELTICS,110
2019-12-10 01:00:00+00:00,TORONTO RAPTORS,93,CHICAGO BULLS,92
2019-12-10 01:00:00+00:00,SACRAMENTO KINGS,119,HOUSTON ROCKETS,118
2019-12-10 01:00:00+00:00,ORLANDO MAGIC,101,MILWAUKEE BUCKS,110
2019-12-10 01:00:00+00:00,DETROIT PISTONS,105,NEW ORLEANS PELICANS,103
2019-12-10 02:00:00+00:00,MINNESOTA TIMBERWOLVES,109,PHOENIX SUNS,125
2019-12-10 02:00:00+00:00,OKLAHOMA CITY THUNDER,104,UTAH JAZZ,90
2019-12-10 03:30:00+00:00,MEMPHIS GRIZZLIES,110,GOLDEN STATE WARRIORS,102
2019-12-11 00:00:00+00:00,WASHINGTON WIZARDS,107,CHARLOTTE HORNETS,114
2019-12-11 01:00:00+00:00,ATLANTA HAWKS,121,MIAMI HEAT,135
2019-12-11 01:00:00+00:00,DENVER NUGGETS,92,PHILADELPHIA 76ERS,97
2019-12-11 03:00:00+00:00,NEW YORK KNICKS,87,PORTLAND TRAIL BLAZERS,115
2019-12-12 00:00:00+00:00,HOUSTON ROCKETS,116,CLEVELAND CAVALIERS,110
2019-12-12 00:00:00+00:00,BOSTON CELTICS,117,INDIANA PACERS,122
2019-12-12 00:00:00+00:00,LOS ANGELES LAKERS,96,ORLANDO MAGIC,87
2019-12-12 00:00:00+00:00,LOS ANGELES CLIPPERS,112,TORONTO RAPTORS,92
2019-12-12 00:30:00+00:00,CHARLOTTE HORNETS,113,BROOKLYN NETS,108
2019-12-12 01:00:00+00:00,ATLANTA HAWKS,102,CHICAGO BULLS,136
2019-12-12 01:00:00+00:00,UTAH JAZZ,127,MINNESOTA TIMBERWOLVES,116
2019-12-12 02:00:00+00:00,MEMPHIS GRIZZLIES,115,PHOENIX SUNS,108
2019-12-12 02:30:00+00:00,NEW ORLEANS PELICANS,112,MILWAUKEE BUCKS,127
2019-12-12 03:00:00+00:00,OKLAHOMA CITY THUNDER,93,SACRAMENTO KINGS,94
2019-12-12 03:30:00+00:00,NEW YORK KNICKS,124,GOLDEN STATE WARRIORS,122
2019-12-13 01:00:00+00:00,PHILADELPHIA 76ERS,115,BOSTON CELTICS,109
2019-12-13 01:30:00+00:00,CLEVELAND CAVALIERS,117,SAN ANTONIO SPURS,109
2019-12-13 02:00:00+00:00,DALLAS MAVERICKS,122,DETROIT PISTONS,111
2019-12-13 03:30:00+00:00,PORTLAND TRAIL BLAZERS,99,DENVER NUGGETS,114
2019-12-14 00:00:00+00:00,LOS ANGELES LAKERS,113,MIAMI HEAT,110
2019-12-14 00:00:00+00:00,HOUSTON ROCKETS,130,ORLANDO MAGIC,107
2019-12-14 00:00:00+00:00,NEW ORLEANS PELICANS,109,PHILADELPHIA 76ERS,116
2019-12-14 00:30:00+00:00,INDIANA PACERS,110,ATLANTA HAWKS,100
2019-12-14 01:00:00+00:00,CHARLOTTE HORNETS,83,CHICAGO BULLS,73
2019-12-14 01:00:00+00:00,MILWAUKEE BUCKS,127,MEMPHIS GRIZZLIES,114
2019-12-14 02:00:00+00:00,GOLDEN STATE WARRIORS,106,UTAH JAZZ,114
2019-12-14 02:30:00+00:00,LOS ANGELES CLIPPERS,124,MINNESOTA TIMBERWOLVES,117
2019-12-14 03:00:00+00:00,NEW YORK KNICKS,103,SACRAMENTO KINGS,101
2019-12-14 22:00:00+00:00,SAN ANTONIO SPURS,121,PHOENIX SUNS,119
2019-12-15 00:30:00+00:00,BROOKLYN NETS,102,TORONTO RAPTORS,110
2019-12-15 01:00:00+00:00,LOS ANGELES CLIPPERS,106,CHICAGO BULLS,109
2019-12-15 01:00:00+00:00,WASHINGTON WIZARDS,111,MEMPHIS GRIZZLIES,128
2019-12-15 01:30:00+00:00,MIAMI HEAT,122,DALLAS MAVERICKS,118
2019-12-15 01:30:00+00:00,CLEVELAND CAVALIERS,108,MILWAUKEE BUCKS,125
2019-12-15 02:00:00+00:00,OKLAHOMA CITY THUNDER,102,DENVER NUGGETS,110
2019-12-15 02:00:00+00:00,DETROIT PISTONS,115,HOUSTON ROCKETS,107
2019-12-15 20:30:00+00:00,ORLANDO MAGIC,130,NEW ORLEANS PELICANS,119
2019-12-15 22:00:00+00:00,CHARLOTTE HORNETS,85,INDIANA PACERS,107
2019-12-15 23:00:00+00:00,LOS ANGELES LAKERS,101,ATLANTA HAWKS,96
2019-12-15 23:00:00+00:00,PHILADELPHIA 76ERS,89,BROOKLYN NETS,109
2019-12-16 01:00:00+00:00,NEW YORK KNICKS,105,DENVER NUGGETS,111
2019-12-16 01:30:00+00:00,SACRAMENTO KINGS,100,GOLDEN STATE WARRIORS,79
2019-12-17 00:00:00+00:00,WASHINGTON WIZARDS,,DETROIT PISTONS,
2019-12-17 00:30:00+00:00,CLEVELAND CAVALIERS,,TORONTO RAPTORS,
2019-12-17 01:00:00+00:00,SAN ANTONIO SPURS,,HOUSTON ROCKETS,
2019-12-17 01:00:00+00:00,MIAMI HEAT,,MEMPHIS GRIZZLIES,
2019-12-17 01:00:00+00:00,DALLAS MAVERICKS,,MILWAUKEE BUCKS,
2019-12-17 01:00:00+00:00,CHICAGO BULLS,,OKLAHOMA CITY THUNDER,
2019-12-17 02:00:00+00:00,PORTLAND TRAIL BLAZERS,,PHOENIX SUNS,
2019-12-18 00:00:00+00:00,SACRAMENTO KINGS,,CHARLOTTE HORNETS,
2019-12-18 00:00:00+00:00,LOS ANGELES LAKERS,,INDIANA PACERS,
2019-12-18 00:30:00+00:00,ATLANTA HAWKS,,NEW YORK KNICKS,
2019-12-18 01:00:00+00:00,BROOKLYN NETS,,NEW ORLEANS PELICANS,
2019-12-18 02:00:00+00:00,ORLANDO MAGIC,,UTAH JAZZ,
2019-12-18 03:30:00+00:00,PHOENIX SUNS,,LOS ANGELES CLIPPERS,
2019-12-19 00:00:00+00:00,CHARLOTTE HORNETS,,CLEVELAND CAVALIERS,
2019-12-19 00:00:00+00:00,TORONTO RAPTORS,,DETROIT PISTONS,
2019-12-19 00:00:00+00:00,MIAMI HEAT,,PHILADELPHIA 76ERS,
2019-12-19 00:00:00+00:00,CHICAGO BULLS,,WASHINGTON WIZARDS,
2019-12-19 01:00:00+00:00,NEW ORLEANS PELICANS,,MINNESOTA TIMBERWOLVES,
2019-12-19 01:00:00+00:00,MEMPHIS GRIZZLIES,,OKLAHOMA CITY THUNDER,
2019-12-19 02:00:00+00:00,ORLANDO MAGIC,,DENVER NUGGETS,
2019-12-19 02:30:00+00:00,BOSTON CELTICS,,DALLAS MAVERICKS,
2019-12-19 03:00:00+00:00,GOLDEN STATE WARRIORS,,PORTLAND TRAIL BLAZERS,
2019-12-20 00:30:00+00:00,UTAH JAZZ,,ATLANTA HAWKS,
2019-12-20 01:00:00+00:00,LOS ANGELES LAKERS,,MILWAUKEE BUCKS,
2019-12-20 01:30:00+00:00,BROOKLYN NETS,,SAN ANTONIO SPURS,
2019-12-20 03:30:00+00:00,HOUSTON ROCKETS,,LOS ANGELES CLIPPERS,
2019-12-21 00:00:00+00:00,MEMPHIS GRIZZLIES,,CLEVELAND CAVALIERS,
2019-12-21 00:00:00+00:00,SACRAMENTO KINGS,,INDIANA PACERS,
2019-12-21 00:30:00+00:00,DETROIT PISTONS,,BOSTON CELTICS,
2019-12-21 00:30:00+00:00,WASHINGTON WIZARDS,,TORONTO RAPTORS,
2019-12-21 01:00:00+00:00,NEW YORK KNICKS,,MIAMI HEAT,
2019-12-21 01:00:00+00:00,PHOENIX SUNS,,OKLAHOMA CITY THUNDER,
2019-12-21 01:00:00+00:00,DALLAS MAVERICKS,,PHILADELPHIA 76ERS,
2019-12-21 02:00:00+00:00,MINNESOTA TIMBERWOLVES,,DENVER NUGGETS,
2019-12-21 03:00:00+00:00,ORLANDO MAGIC,,PORTLAND TRAIL BLAZERS,
2019-12-21 03:30:00+00:00,NEW ORLEANS PELICANS,,GOLDEN STATE WARRIORS,
2019-12-21 22:00:00+00:00,UTAH JAZZ,,CHARLOTTE HORNETS,
2019-12-21 23:00:00+00:00,ATLANTA HAWKS,,BROOKLYN NETS,
2019-12-22 00:00:00+00:00,CHICAGO BULLS,,DETROIT PISTONS,
2019-12-22 00:00:00+00:00,WASHINGTON WIZARDS,,PHILADELPHIA 76ERS,
2019-12-22 00:30:00+00:00,MILWAUKEE BUCKS,,NEW YORK KNICKS,
2019-12-22 01:00:00+00:00,SACRAMENTO KINGS,,MEMPHIS GRIZZLIES,
2019-12-22 01:30:00+00:00,LOS ANGELES CLIPPERS,,SAN ANTONIO SPURS,
2019-12-22 02:00:00+00:00,HOUSTON ROCKETS,,PHOENIX SUNS,
2019-12-22 03:00:00+00:00,MINNESOTA TIMBERWOLVES,,PORTLAND TRAIL BLAZERS,
2019-12-22 20:30:00+00:00,DALLAS MAVERICKS,,TORONTO RAPTORS,
2019-12-22 23:00:00+00:00,CHARLOTTE HORNETS,,BOSTON CELTICS,
2019-12-23 00:00:00+00:00,INDIANA PACERS,,MILWAUKEE BUCKS,
2019-12-23 00:00:00+00:00,LOS ANGELES CLIPPERS,,OKLAHOMA CITY THUNDER,
2019-12-23 02:30:00+00:00,DENVER NUGGETS,,LOS ANGELES LAKERS,
2019-12-24 00:00:00+00:00,ATLANTA HAWKS,,CLEVELAND CAVALIERS,
2019-12-24 00:00:00+00:00,PHILADELPHIA 76ERS,,DETROIT PISTONS,
2019-12-24 00:00:00+00:00,TORONTO RAPTORS,,INDIANA PACERS,
2019-12-24 00:00:00+00:00,WASHINGTON WIZARDS,,NEW YORK KNICKS,
2019-12-24 00:00:00+00:00,CHICAGO BULLS,,ORLANDO MAGIC,
2019-12-24 00:30:00+00:00,UTAH JAZZ,,MIAMI HEAT,
2019-12-24 01:00:00+00:00,SAN ANTONIO SPURS,,MEMPHIS GRIZZLIES,
2019-12-24 02:00:00+00:00,DENVER NUGGETS,,PHOENIX SUNS,
2019-12-24 03:00:00+00:00,NEW ORLEANS PELICANS,,PORTLAND TRAIL BLAZERS,
2019-12-24 03:00:00+00:00,HOUSTON ROCKETS,,SACRAMENTO KINGS,
2019-12-24 03:30:00+00:00,MINNESOTA TIMBERWOLVES,,GOLDEN STATE WARRIORS,
2019-12-25 17:00:00+00:00,BOSTON CELTICS,,TORONTO RAPTORS,
2019-12-25 19:30:00+00:00,MILWAUKEE BUCKS,,PHILADELPHIA 76ERS,
2019-12-25 22:00:00+00:00,HOUSTON ROCKETS,,GOLDEN STATE WARRIORS,
2019-12-26 01:00:00+00:00,LOS ANGELES CLIPPERS,,LOS ANGELES LAKERS,
2019-12-26 03:30:00+00:00,NEW ORLEANS PELICANS,,DENVER NUGGETS,
2019-12-27 00:00:00+00:00,WASHINGTON WIZARDS,,DETROIT PISTONS,
2019-12-27 01:00:00+00:00,NEW YORK KNICKS,,BROOKLYN NETS,
2019-12-27 01:00:00+00:00,MEMPHIS GRIZZLIES,,OKLAHOMA CITY THUNDER,
2019-12-27 01:30:00+00:00,SAN ANTONIO SPURS,,DALLAS MAVERICKS,
2019-12-27 03:00:00+00:00,MINNESOTA TIMBERWOLVES,,SACRAMENTO KINGS,
2019-12-27 03:30:00+00:00,PORTLAND TRAIL BLAZERS,,UTAH JAZZ,
2019-12-27 21:00:00+00:00,CLEVELAND CAVALIERS,,BOSTON CELTICS,
2019-12-28 00:00:00+00:00,OKLAHOMA CITY THUNDER,,CHARLOTTE HORNETS,
2019-12-28 00:00:00+00:00,PHILADELPHIA 76ERS,,ORLANDO MAGIC,
2019-12-28 00:30:00+00:00,MILWAUKEE BUCKS,,ATLANTA HAWKS,
2019-12-28 01:00:00+00:00,INDIANA PACERS,,MIAMI HEAT,
2019-12-28 03:30:00+00:00,PHOENIX SUNS,,GOLDEN STATE WARRIORS,
2019-12-28 22:00:00+00:00,MEMPHIS GRIZZLIES,,DENVER NUGGETS,
2019-12-29 00:00:00+00:00,TORONTO RAPTORS,,BOSTON CELTICS,
2019-12-29 00:00:00+00:00,INDIANA PACERS,,NEW ORLEANS PELICANS,
2019-12-29 01:00:00+00:00,ATLANTA HAWKS,,CHICAGO BULLS,
2019-12-29 01:00:00+00:00,BROOKLYN NETS,,HOUSTON ROCKETS,
2019-12-29 01:00:00+00:00,PHILADELPHIA 76ERS,,MIAMI HEAT,
2019-12-29 01:00:00+00:00,CLEVELAND CAVALIERS,,MINNESOTA TIMBERWOLVES,
2019-12-29 01:00:00+00:00,NEW YORK KNICKS,,WASHINGTON WIZARDS,
2019-12-29 01:30:00+00:00,DALLAS MAVERICKS,,GOLDEN STATE WARRIORS,
2019-12-29 01:30:00+00:00,ORLANDO MAGIC,,MILWAUKEE BUCKS,
2019-12-29 01:30:00+00:00,DETROIT PISTONS,,SAN ANTONIO SPURS,
2019-12-29 02:00:00+00:00,PHOENIX SUNS,,SACRAMENTO KINGS,
2019-12-29 03:00:00+00:00,LOS ANGELES LAKERS,,PORTLAND TRAIL BLAZERS,
2019-12-29 03:30:00+00:00,UTAH JAZZ,,LOS ANGELES CLIPPERS,
2019-12-29 23:00:00+00:00,OKLAHOMA CITY THUNDER,,TORONTO RAPTORS,
2019-12-30 01:00:00+00:00,SACRAMENTO KINGS,,DENVER NUGGETS,
2019-12-30 01:00:00+00:00,CHARLOTTE HORNETS,,MEMPHIS GRIZZLIES,
2019-12-30 01:00:00+00:00,HOUSTON ROCKETS,,NEW ORLEANS PELICANS,
2019-12-30 02:30:00+00:00,DALLAS MAVERICKS,,LOS ANGELES LAKERS,
2019-12-31 00:00:00+00:00,ATLANTA HAWKS,,ORLANDO MAGIC,
2019-12-31 00:00:00+00:00,MIAMI HEAT,,WASHINGTON WIZARDS,
2019-12-31 01:00:00+00:00,MILWAUKEE BUCKS,,CHICAGO BULLS,
2019-12-31 01:00:00+00:00,BROOKLYN NETS,,MINNESOTA TIMBERWOLVES,
2019-12-31 02:00:00+00:00,DETROIT PISTONS,,UTAH JAZZ,
2019-12-31 03:00:00+00:00,PHOENIX SUNS,,PORTLAND TRAIL BLAZERS,
2019-12-31 20:00:00+00:00,BOSTON CELTICS,,CHARLOTTE HORNETS,
2019-12-31 20:00:00+00:00,PHILADELPHIA 76ERS,,INDIANA PACERS,
2019-12-31 22:00:00+00:00,LOS ANGELES CLIPPERS,,SACRAMENTO KINGS,
2020-01-01 00:00:00+00:00,DENVER NUGGETS,,HOUSTON ROCKETS,
2020-01-01 00:00:00+00:00,GOLDEN STATE WARRIORS,,SAN ANTONIO SPURS,
2020-01-01 00:00:00+00:00,CLEVELAND CAVALIERS,,TORONTO RAPTORS,
2020-01-01 01:00:00+00:00,DALLAS MAVERICKS,,OKLAHOMA CITY THUNDER,
2020-01-01 23:00:00+00:00,ORLANDO MAGIC,,WASHINGTON WIZARDS,
2020-01-02 00:30:00+00:00,PORTLAND TRAIL BLAZERS,,NEW YORK KNICKS,
2020-01-02 01:00:00+00:00,MINNESOTA TIMBERWOLVES,,MILWAUKEE BUCKS,
2020-01-02 03:30:00+00:00,PHOENIX SUNS,,LOS ANGELES LAKERS,
2020-01-03 00:00:00+00:00,CHARLOTTE HORNETS,,CLEVELAND CAVALIERS,
2020-01-03 00:00:00+00:00,DENVER NUGGETS,,INDIANA PACERS,
2020-01-03 00:30:00+00:00,TORONTO RAPTORS,,MIAMI HEAT,
2020-01-03 01:00:00+00:00,UTAH JAZZ,,CHICAGO BULLS,
2020-01-03 01:00:00+00:00,GOLDEN STATE WARRIORS,,MINNESOTA TIMBERWOLVES,
2020-01-03 01:30:00+00:00,BROOKLYN NETS,,DALLAS MAVERICKS,
2020-01-03 01:30:00+00:00,OKLAHOMA CITY THUNDER,,SAN ANTONIO SPURS,
2020-01-03 03:00:00+00:00,MEMPHIS GRIZZLIES,,SACRAMENTO KINGS,
2020-01-03 03:30:00+00:00,DETROIT PISTONS,,LOS ANGELES CLIPPERS,
2020-01-04 00:00:00+00:00,ATLANTA HAWKS,,BOSTON CELTICS,
2020-01-04 00:00:00+00:00,MIAMI HEAT,,ORLANDO MAGIC,
2020-01-04 00:00:00+00:00,PORTLAND TRAIL BLAZERS,,WASHINGTON WIZARDS,
2020-01-04 01:00:00+00:00,PHILADELPHIA 76ERS,,HOUSTON ROCKETS,
2020-01-04 02:00:00+00:00,NEW YORK KNICKS,,PHOENIX SUNS,
2020-01-04 03:30:00+00:00,NEW ORLEANS PELICANS,,LOS ANGELES LAKERS,
2020-01-04 20:30:00+00:00,MEMPHIS GRIZZLIES,,LOS ANGELES CLIPPERS,
2020-01-04 23:00:00+00:00,TORONTO RAPTORS,,BROOKLYN NETS,
2020-01-05 00:00:00+00:00,UTAH JAZZ,,ORLANDO MAGIC,
2020-01-05 00:30:00+00:00,INDIANA PACERS,,ATLANTA HAWKS,
2020-01-05 00:30:00+00:00,OKLAHOMA CITY THUNDER,,CLEVELAND CAVALIERS,
2020-01-05 01:00:00+00:00,BOSTON CELTICS,,CHICAGO BULLS,
2020-01-05 01:00:00+00:00,DENVER NUGGETS,,WASHINGTON WIZARDS,
2020-01-05 01:30:00+00:00,CHARLOTTE HORNETS,,DALLAS MAVERICKS,
2020-01-05 01:30:00+00:00,DETROIT PISTONS,,GOLDEN STATE WARRIORS,
2020-01-05 01:30:00+00:00,SAN ANTONIO SPURS,,MILWAUKEE BUCKS,
2020-01-05 03:00:00+00:00,NEW ORLEANS PELICANS,,SACRAMENTO KINGS,
2020-01-05 20:30:00+00:00,NEW YORK KNICKS,,LOS ANGELES CLIPPERS,
2020-01-05 23:00:00+00:00,PORTLAND TRAIL BLAZERS,,MIAMI HEAT,
2020-01-06 00:30:00+00:00,MINNESOTA TIMBERWOLVES,,CLEVELAND CAVALIERS,
2020-01-06 01:00:00+00:00,MEMPHIS GRIZZLIES,,PHOENIX SUNS,
2020-01-06 03:00:00+00:00,DETROIT PISTONS,,LOS ANGELES LAKERS,
2020-01-07 00:00:00+00:00,INDIANA PACERS,,CHARLOTTE HORNETS,
2020-01-07 00:00:00+00:00,BROOKLYN NETS,,ORLANDO MAGIC,
2020-01-07 00:00:00+00:00,OKLAHOMA CITY THUNDER,,PHILADELPHIA 76ERS,
2020-01-07 00:00:00+00:00,BOSTON CELTICS,,WASHINGTON WIZARDS,
2020-01-07 00:30:00+00:00,DENVER NUGGETS,,ATLANTA HAWKS,
2020-01-07 01:00:00+00:00,UTAH JAZZ,,NEW ORLEANS PELICANS,
2020-01-07 01:30:00+00:00,CHICAGO BULLS,,DALLAS MAVERICKS,
2020-01-07 01:30:00+00:00,MILWAUKEE BUCKS,,SAN ANTONIO SPURS,
2020-01-07 03:00:00+00:00,GOLDEN STATE WARRIORS,,SACRAMENTO KINGS,
2020-01-08 00:00:00+00:00,DETROIT PISTONS,,CLEVELAND CAVALIERS,
2020-01-08 00:00:00+00:00,PORTLAND TRAIL BLAZERS,,TORONTO RAPTORS,
2020-01-08 00:30:00+00:00,OKLAHOMA CITY THUNDER,,BROOKLYN NETS,
2020-01-08 01:00:00+00:00,MINNESOTA TIMBERWOLVES,,MEMPHIS GRIZZLIES,
2020-01-08 02:00:00+00:00,SACRAMENTO KINGS,,PHOENIX SUNS,
2020-01-08 03:30:00+00:00,NEW YORK KNICKS,,LOS ANGELES LAKERS,
2020-01-09 00:00:00+00:00,SAN ANTONIO SPURS,,BOSTON CELTICS,
2020-01-09 00:00:00+00:00,TORONTO RAPTORS,,CHARLOTTE HORNETS,
2020-01-09 00:00:00+00:00,MIAMI HEAT,,INDIANA PACERS,
2020-01-09 00:00:00+00:00,WASHINGTON WIZARDS,,ORLANDO MAGIC,
2020-01-09 00:30:00+00:00,HOUSTON ROCKETS,,ATLANTA HAWKS,
2020-01-09 00:30:00+00:00,DENVER NUGGETS,,DALLAS MAVERICKS,
2020-01-09 01:00:00+00:00,CHICAGO BULLS,,NEW ORLEANS PELICANS,
2020-01-09 02:00:00+00:00,NEW YORK KNICKS,,UTAH JAZZ,
2020-01-09 03:00:00+00:00,MILWAUKEE BUCKS,,GOLDEN STATE WARRIORS,
2020-01-10 00:00:00+00:00,CLEVELAND CAVALIERS,,DETROIT PISTONS,
2020-01-10 00:00:00+00:00,BOSTON CELTICS,,PHILADELPHIA 76ERS,
2020-01-10 01:00:00+00:00,PORTLAND TRAIL BLAZERS,,MINNESOTA TIMBERWOLVES,
2020-01-10 02:30:00+00:00,HOUSTON ROCKETS,,OKLAHOMA CITY THUNDER,
2020-01-11 00:00:00+00:00,ATLANTA HAWKS,,WASHINGTON WIZARDS,
2020-01-11 00:30:00+00:00,MIAMI HEAT,,BROOKLYN NETS,
2020-01-11 01:00:00+00:00,INDIANA PACERS,,CHICAGO BULLS,
2020-01-11 01:00:00+00:00,SAN ANTONIO SPURS,,MEMPHIS GRIZZLIES,
2020-01-11 01:00:00+00:00,NEW ORLEANS PELICANS,,NEW YORK KNICKS,
2020-01-11 01:30:00+00:00,LOS ANGELES LAKERS,,DALLAS MAVERICKS,
2020-01-11 02:00:00+00:00,ORLANDO MAGIC,,PHOENIX SUNS,
2020-01-11 02:00:00+00:00,CHARLOTTE HORNETS,,UTAH JAZZ,
2020-01-11 03:00:00+00:00,MILWAUKEE BUCKS,,SACRAMENTO KINGS,
2020-01-11 03:30:00+00:00,GOLDEN STATE WARRIORS,,LOS ANGELES CLIPPERS,
2020-01-11 22:00:00+00:00,MINNESOTA TIMBERWOLVES,,HOUSTON ROCKETS,
2020-01-12 00:00:00+00:00,NEW ORLEANS PELICANS,,BOSTON CELTICS,
2020-01-12 00:00:00+00:00,CHICAGO BULLS,,DETROIT PISTONS,
2020-01-12 01:00:00+00:00,LOS ANGELES LAKERS,,OKLAHOMA CITY THUNDER,
2020-01-12 01:30:00+00:00,PHILADELPHIA 76ERS,,DALLAS MAVERICKS,
2020-01-12 02:00:00+00:00,CLEVELAND CAVALIERS,,DENVER NUGGETS,
2020-01-12 03:00:00+00:00,MILWAUKEE BUCKS,,PORTLAND TRAIL BLAZERS,
2020-01-12 20:30:00+00:00,MIAMI HEAT,,NEW YORK KNICKS,
2020-01-12 20:30:00+00:00,UTAH JAZZ,,WASHINGTON WIZARDS,
2020-01-12 23:00:00+00:00,ATLANTA HAWKS,,BROOKLYN NETS,
2020-01-12 23:00:00+00:00,GOLDEN STATE WARRIORS,,MEMPHIS GRIZZLIES,
2020-01-12 23:00:00+00:00,SAN ANTONIO SPURS,,TORONTO RAPTORS,
2020-01-13 01:00:00+00:00,LOS ANGELES CLIPPERS,,DENVER NUGGETS,
2020-01-13 01:00:00+00:00,CHARLOTTE HORNETS,,PHOENIX SUNS,
2020-01-14 00:00:00+00:00,NEW ORLEANS PELICANS,,DETROIT PISTONS,
2020-01-14 00:00:00+00:00,PHILADELPHIA 76ERS,,INDIANA PACERS,
2020-01-14 00:30:00+00:00,CHICAGO BULLS,,BOSTON CELTICS,
2020-01-14 01:00:00+00:00,OKLAHOMA CITY THUNDER,,MINNESOTA TIMBERWOLVES,
2020-01-14 03:00:00+00:00,CHARLOTTE HORNETS,,PORTLAND TRAIL BLAZERS,
2020-01-14 03:00:00+00:00,ORLANDO MAGIC,,SACRAMENTO KINGS,
2020-01-14 03:30:00+00:00,CLEVELAND CAVALIERS,,LOS ANGELES LAKERS,
2020-01-15 00:30:00+00:00,PHOENIX SUNS,,ATLANTA HAWKS,
2020-01-15 00:30:00+00:00,UTAH JAZZ,,BROOKLYN NETS,
2020-01-15 01:00:00+00:00,HOUSTON ROCKETS,,MEMPHIS GRIZZLIES,
2020-01-15 01:00:00+00:00,NEW YORK KNICKS,,MILWAUKEE BUCKS,
2020-01-15 03:30:00+00:00,DALLAS MAVERICKS,,GOLDEN STATE WARRIORS,
2020-01-15 03:30:00+00:00,CLEVELAND CAVALIERS,,LOS ANGELES CLIPPERS,
2020-01-16 00:00:00+00:00,DETROIT PISTONS,,BOSTON CELTICS,
2020-01-16 00:00:00+00:00,BROOKLYN NETS,,PHILADELPHIA 76ERS,
2020-01-16 00:30:00+00:00,SAN ANTONIO SPURS,,MIAMI HEAT,
2020-01-16 01:00:00+00:00,WASHINGTON WIZARDS,,CHICAGO BULLS,
2020-01-16 01:00:00+00:00,INDIANA PACERS,,MINNESOTA TIMBERWOLVES,
2020-01-16 01:00:00+00:00,TORONTO RAPTORS,,OKLAHOMA CITY THUNDER,
2020-01-16 02:00:00+00:00,CHARLOTTE HORNETS,,DENVER NUGGETS,
2020-01-16 02:30:00+00:00,PORTLAND TRAIL BLAZERS,,HOUSTON ROCKETS,
2020-01-16 03:00:00+00:00,DALLAS MAVERICKS,,SACRAMENTO KINGS,
2020-01-16 03:30:00+00:00,ORLANDO MAGIC,,LOS ANGELES LAKERS,
2020-01-17 00:30:00+00:00,PHOENIX SUNS,,NEW YORK KNICKS,
2020-01-17 01:00:00+00:00,BOSTON CELTICS,,MILWAUKEE BUCKS,
2020-01-17 01:00:00+00:00,UTAH JAZZ,,NEW ORLEANS PELICANS,
2020-01-17 03:30:00+00:00,DENVER NUGGETS,,GOLDEN STATE WARRIORS,
2020-01-17 03:30:00+00:00,ORLANDO MAGIC,,LOS ANGELES CLIPPERS,
2020-01-18 00:00:00+00:00,MINNESOTA TIMBERWOLVES,,INDIANA PACERS,
2020-01-18 00:00:00+00:00,CHICAGO BULLS,,PHILADELPHIA 76ERS,
2020-01-18 00:00:00+00:00,WASHINGTON WIZARDS,,TORONTO RAPTORS,
2020-01-18 01:00:00+00:00,CLEVELAND CAVALIERS,,MEMPHIS GRIZZLIES,
2020-01-18 01:00:00+00:00,MIAMI HEAT,,OKLAHOMA CITY THUNDER,
2020-01-18 01:30:00+00:00,ATLANTA HAWKS,,SAN ANTONIO SPURS,
2020-01-18 02:30:00+00:00,PORTLAND TRAIL BLAZERS,,DALLAS MAVERICKS,
2020-01-18 20:30:00+00:00,LOS ANGELES CLIPPERS,,NEW ORLEANS PELICANS,
2020-01-18 23:00:00+00:00,MILWAUKEE BUCKS,,BROOKLYN NETS,
2020-01-19 00:00:00+00:00,PHOENIX SUNS,,BOSTON CELTICS,
2020-01-19 00:30:00+00:00,DETROIT PISTONS,,ATLANTA HAWKS,
2020-01-19 00:30:00+00:00,PHILADELPHIA 76ERS,,NEW YORK KNICKS,
2020-01-19 01:00:00+00:00,CLEVELAND CAVALIERS,,CHICAGO BULLS,
2020-01-19 01:00:00+00:00,TORONTO RAPTORS,,MINNESOTA TIMBERWOLVES,
2020-01-19 01:30:00+00:00,ORLANDO MAGIC,,GOLDEN STATE WARRIORS,
2020-01-19 01:30:00+00:00,LOS ANGELES LAKERS,,HOUSTON ROCKETS,
2020-01-19 02:00:00+00:00,PORTLAND TRAIL BLAZERS,,OKLAHOMA CITY THUNDER,
2020-01-19 02:00:00+00:00,SACRAMENTO KINGS,,UTAH JAZZ,
2020-01-19 20:00:00+00:00,MIAMI HEAT,,SAN ANTONIO SPURS,
2020-01-20 01:00:00+00:00,INDIANA PACERS,,DENVER NUGGETS,
2020-01-20 19:00:00+00:00,DETROIT PISTONS,,WASHINGTON WIZARDS,
2020-01-20 19:30:00+00:00,TORONTO RAPTORS,,ATLANTA HAWKS,
2020-01-20 20:00:00+00:00,PHILADELPHIA 76ERS,,BROOKLYN NETS,
2020-01-20 22:00:00+00:00,ORLANDO MAGIC,,CHARLOTTE HORNETS,
2020-01-20 22:00:00+00:00,NEW YORK KNICKS,,CLEVELAND CAVALIERS,
2020-01-20 22:00:00+00:00,OKLAHOMA CITY THUNDER,,HOUSTON ROCKETS,
2020-01-20 22:00:00+00:00,NEW ORLEANS PELICANS,,MEMPHIS GRIZZLIES,
2020-01-20 22:00:00+00:00,SACRAMENTO KINGS,,MIAMI HEAT,
2020-01-20 22:00:00+00:00,CHICAGO BULLS,,MILWAUKEE BUCKS,
2020-01-21 00:30:00+00:00,LOS ANGELES LAKERS,,BOSTON CELTICS,
2020-01-21 01:00:00+00:00,DENVER NUGGETS,,MINNESOTA TIMBERWOLVES,
2020-01-21 02:00:00+00:00,SAN ANTONIO SPURS,,PHOENIX SUNS,
2020-01-21 02:00:00+00:00,INDIANA PACERS,,UTAH JAZZ,
2020-01-21 03:00:00+00:00,GOLDEN STATE WARRIORS,,PORTLAND TRAIL BLAZERS,
2020-01-22 01:30:00+00:00,LOS ANGELES CLIPPERS,,DALLAS MAVERICKS,
2020-01-23 00:00:00+00:00,SACRAMENTO KINGS,,DETROIT PISTONS,
2020-01-23 00:00:00+00:00,OKLAHOMA CITY THUNDER,,ORLANDO MAGIC,
2020-01-23 00:30:00+00:00,LOS ANGELES CLIPPERS,,ATLANTA HAWKS,
2020-01-23 00:30:00+00:00,MEMPHIS GRIZZLIES,,BOSTON CELTICS,
2020-01-23 00:30:00+00:00,WASHINGTON WIZARDS,,MIAMI HEAT,
2020-01-23 00:30:00+00:00,LOS ANGELES LAKERS,,NEW YORK KNICKS,
2020-01-23 00:30:00+00:00,PHILADELPHIA 76ERS,,TORONTO RAPTORS,
2020-01-23 01:00:00+00:00,MINNESOTA TIMBERWOLVES,,CHICAGO BULLS,
2020-01-23 01:00:00+00:00,DENVER NUGGETS,,HOUSTON ROCKETS,
2020-01-23 01:00:00+00:00,SAN ANTONIO SPURS,,NEW ORLEANS PELICANS,
2020-01-23 02:00:00+00:00,INDIANA PACERS,,PHOENIX SUNS,
2020-01-23 03:00:00+00:00,UTAH JAZZ,,GOLDEN STATE WARRIORS,
2020-01-24 00:00:00+00:00,WASHINGTON WIZARDS,,CLEVELAND CAVALIERS,
2020-01-24 01:00:00+00:00,LOS ANGELES LAKERS,,BROOKLYN NETS,
2020-01-24 03:30:00+00:00,DALLAS MAVERICKS,,PORTLAND TRAIL BLAZERS,
2020-01-24 20:00:00+00:00,MILWAUKEE BUCKS,,CHARLOTTE HORNETS,
2020-01-25 00:00:00+00:00,MEMPHIS GRIZZLIES,,DETROIT PISTONS,
2020-01-25 00:00:00+00:00,BOSTON CELTICS,,ORLANDO MAGIC,
2020-01-25 00:30:00+00:00,TORONTO RAPTORS,,NEW YORK KNICKS,
2020-01-25 01:00:00+00:00,SACRAMENTO KINGS,,CHICAGO BULLS,
2020-01-25 01:00:00+00:00,LOS ANGELES CLIPPERS,,MIAMI HEAT,
2020-01-25 01:00:00+00:00,HOUSTON ROCKETS,,MINNESOTA TIMBERWOLVES,
2020-01-25 01:00:00+00:00,DENVER NUGGETS,,NEW ORLEANS PELICANS,
2020-01-25 01:00:00+00:00,ATLANTA HAWKS,,OKLAHOMA CITY THUNDER,
2020-01-25 01:30:00+00:00,PHOENIX SUNS,,SAN ANTONIO SPURS,
2020-01-25 03:30:00+00:00,INDIANA PACERS,,GOLDEN STATE WARRIORS,
2020-01-25 22:00:00+00:00,DALLAS MAVERICKS,,UTAH JAZZ,
2020-01-26 00:00:00+00:00,BROOKLYN NETS,,DETROIT PISTONS,
2020-01-26 01:00:00+00:00,CHICAGO BULLS,,CLEVELAND CAVALIERS,
2020-01-26 01:00:00+00:00,OKLAHOMA CITY THUNDER,,MINNESOTA TIMBERWOLVES,
2020-01-26 01:30:00+00:00,LOS ANGELES LAKERS,,PHILADELPHIA 76ERS,
2020-01-26 20:30:00+00:00,HOUSTON ROCKETS,,DENVER NUGGETS,
2020-01-26 21:00:00+00:00,TORONTO RAPTORS,,SAN ANTONIO SPURS,
2020-01-26 23:00:00+00:00,WASHINGTON WIZARDS,,ATLANTA HAWKS,
2020-01-26 23:00:00+00:00,PHOENIX SUNS,,MEMPHIS GRIZZLIES,
2020-01-26 23:00:00+00:00,BOSTON CELTICS,,NEW ORLEANS PELICANS,
2020-01-26 23:00:00+00:00,BROOKLYN NETS,,NEW YORK KNICKS,
2020-01-26 23:00:00+00:00,LOS ANGELES CLIPPERS,,ORLANDO MAGIC,
2020-01-27 02:00:00+00:00,INDIANA PACERS,,PORTLAND TRAIL BLAZERS,
2020-01-28 00:00:00+00:00,CLEVELAND CAVALIERS,,DETROIT PISTONS,
2020-01-28 00:30:00+00:00,ORLANDO MAGIC,,MIAMI HEAT,
2020-01-28 01:00:00+00:00,SAN ANTONIO SPURS,,CHICAGO BULLS,
2020-01-28 01:00:00+00:00,SACRAMENTO KINGS,,MINNESOTA TIMBERWOLVES,
2020-01-28 01:00:00+00:00,DALLAS MAVERICKS,,OKLAHOMA CITY THUNDER,
2020-01-28 02:00:00+00:00,HOUSTON ROCKETS,,UTAH JAZZ,
2020-01-29 00:00:00+00:00,NEW YORK KNICKS,,CHARLOTTE HORNETS,
2020-01-29 00:00:00+00:00,GOLDEN STATE WARRIORS,,PHILADELPHIA 76ERS,
2020-01-29 00:30:00+00:00,NEW ORLEANS PELICANS,,CLEVELAND CAVALIERS,
2020-01-29 00:30:00+00:00,BOSTON CELTICS,,MIAMI HEAT,
2020-01-29 00:30:00+00:00,ATLANTA HAWKS,,TORONTO RAPTORS,
2020-01-29 01:00:00+00:00,DENVER NUGGETS,,MEMPHIS GRIZZLIES,
2020-01-29 01:00:00+00:00,WASHINGTON WIZARDS,,MILWAUKEE BUCKS,
2020-01-29 01:30:00+00:00,PHOENIX SUNS,,DALLAS MAVERICKS,
2020-01-29 03:00:00+00:00,LOS ANGELES CLIPPERS,,LOS ANGELES LAKERS,
2020-01-30 00:00:00+00:00,CHICAGO BULLS,,INDIANA PACERS,
2020-01-30 00:30:00+00:00,DETROIT PISTONS,,BROOKLYN NETS,
2020-01-30 00:30:00+00:00,MEMPHIS GRIZZLIES,,NEW YORK KNICKS,
2020-01-30 01:30:00+00:00,UTAH JAZZ,,SAN ANTONIO SPURS,
2020-01-30 03:00:00+00:00,HOUSTON ROCKETS,,PORTLAND TRAIL BLAZERS,
2020-01-30 03:00:00+00:00,OKLAHOMA CITY THUNDER,,SACRAMENTO KINGS,
2020-01-31 00:00:00+00:00,TORONTO RAPTORS,,CLEVELAND CAVALIERS,
2020-01-31 00:00:00+00:00,CHARLOTTE HORNETS,,WASHINGTON WIZARDS,
2020-01-31 00:30:00+00:00,PHILADELPHIA 76ERS,,ATLANTA HAWKS,
2020-01-31 01:00:00+00:00,GOLDEN STATE WARRIORS,,BOSTON CELTICS,
2020-01-31 03:30:00+00:00,UTAH JAZZ,,DENVER NUGGETS,
2020-01-31 03:30:00+00:00,SACRAMENTO KINGS,,LOS ANGELES CLIPPERS,
2020-02-01 00:00:00+00:00,TORONTO RAPTORS,,DETROIT PISTONS,
2020-02-01 00:30:00+00:00,CHICAGO BULLS,,BROOKLYN NETS,
2020-02-01 01:00:00+00:00,DALLAS MAVERICKS,,HOUSTON ROCKETS,
2020-02-01 01:00:00+00:00,MEMPHIS GRIZZLIES,,NEW ORLEANS PELICANS,
2020-02-01 02:00:00+00:00,DENVER NUGGETS,,MILWAUKEE BUCKS,
2020-02-01 02:00:00+00:00,OKLAHOMA CITY THUNDER,,PHOENIX SUNS,
2020-02-01 03:30:00+00:00,PORTLAND TRAIL BLAZERS,,LOS ANGELES LAKERS,
2020-02-01 20:30:00+00:00,MINNESOTA TIMBERWOLVES,,LOS ANGELES CLIPPERS,
2020-02-02 00:00:00+00:00,NEW YORK KNICKS,,INDIANA PACERS,
2020-02-02 00:00:00+00:00,MIAMI HEAT,,ORLANDO MAGIC,
2020-02-02 01:00:00+00:00,GOLDEN STATE WARRIORS,,CLEVELAND CAVALIERS,
2020-02-02 01:00:00+00:00,BROOKLYN NETS,,WASHINGTON WIZARDS,
2020-02-02 01:30:00+00:00,PHILADELPHIA 76ERS,,BOSTON CELTICS,
2020-02-02 01:30:00+00:00,ATLANTA HAWKS,,DALLAS MAVERICKS,
2020-02-02 02:00:00+00:00,CHARLOTTE HORNETS,,SAN ANTONIO SPURS,
2020-02-02 03:00:00+00:00,UTAH JAZZ,,PORTLAND TRAIL BLAZERS,
2020-02-02 03:00:00+00:00,LOS ANGELES LAKERS,,SACRAMENTO KINGS,
2020-02-02 17:30:00+00:00,DENVER NUGGETS,,DETROIT PISTONS,
2020-02-02 19:00:00+00:00,NEW ORLEANS PELICANS,,HOUSTON ROCKETS,
2020-02-02 19:00:00+00:00,PHOENIX SUNS,,MILWAUKEE BUCKS,
2020-02-02 20:00:00+00:00,CHICAGO BULLS,,TORONTO RAPTORS,
2020-02-04 00:00:00+00:00,ORLANDO MAGIC,,CHARLOTTE HORNETS,
2020-02-04 00:00:00+00:00,NEW YORK KNICKS,,CLEVELAND CAVALIERS,
2020-02-04 00:00:00+00:00,DALLAS MAVERICKS,,INDIANA PACERS,
2020-02-04 00:00:00+00:00,GOLDEN STATE WARRIORS,,WASHINGTON WIZARDS,
2020-02-04 00:30:00+00:00,BOSTON CELTICS,,ATLANTA HAWKS,
2020-02-04 00:30:00+00:00,PHOENIX SUNS,,BROOKLYN NETS,
2020-02-04 00:30:00+00:00,PHILADELPHIA 76ERS,,MIAMI HEAT,
2020-02-04 01:00:00+00:00,DETROIT PISTONS,,MEMPHIS GRIZZLIES,
2020-02-04 03:00:00+00:00,MINNESOTA TIMBERWOLVES,,SACRAMENTO KINGS,
2020-02-04 03:30:00+00:00,SAN ANTONIO SPURS,,LOS ANGELES CLIPPERS,
2020-02-05 00:30:00+00:00,MILWAUKEE BUCKS,,NEW ORLEANS PELICANS,
2020-02-05 01:00:00+00:00,CHARLOTTE HORNETS,,HOUSTON ROCKETS,
2020-02-05 03:00:00+00:00,PORTLAND TRAIL BLAZERS,,DENVER NUGGETS,
2020-02-05 03:30:00+00:00,SAN ANTONIO SPURS,,LOS ANGELES LAKERS,
2020-02-06 00:00:00+00:00,PHOENIX SUNS,,DETROIT PISTONS,
2020-02-06 00:30:00+00:00,ORLANDO MAGIC,,BOSTON CELTICS,
2020-02-06 00:30:00+00:00,GOLDEN STATE WARRIORS,,BROOKLYN NETS,
2020-02-06 00:30:00+00:00,INDIANA PACERS,,TORONTO RAPTORS,
2020-02-06 01:00:00+00:00,ATLANTA HAWKS,,MINNESOTA TIMBERWOLVES,
2020-02-06 01:00:00+00:00,CLEVELAND CAVALIERS,,OKLAHOMA CITY THUNDER,
2020-02-06 01:30:00+00:00,MEMPHIS GRIZZLIES,,DALLAS MAVERICKS,
2020-02-06 03:00:00+00:00,DENVER NUGGETS,,UTAH JAZZ,
2020-02-06 03:30:00+00:00,MIAMI HEAT,,LOS ANGELES CLIPPERS,
2020-02-07 00:30:00+00:00,ORLANDO MAGIC,,NEW YORK KNICKS,
2020-02-07 01:00:00+00:00,NEW ORLEANS PELICANS,,CHICAGO BULLS,
2020-02-07 01:00:00+00:00,PHILADELPHIA 76ERS,,MILWAUKEE BUCKS,
2020-02-07 03:00:00+00:00,SAN ANTONIO SPURS,,PORTLAND TRAIL BLAZERS,
2020-02-07 03:30:00+00:00,HOUSTON ROCKETS,,LOS ANGELES LAKERS,
2020-02-08 00:00:00+00:00,MEMPHIS GRIZZLIES,,PHILADELPHIA 76ERS,
2020-02-08 00:00:00+00:00,DALLAS MAVERICKS,,WASHINGTON WIZARDS,
2020-02-08 00:30:00+00:00,ATLANTA HAWKS,,BOSTON CELTICS,
2020-02-08 01:00:00+00:00,TORONTO RAPTORS,,INDIANA PACERS,
2020-02-08 01:00:00+00:00,DETROIT PISTONS,,OKLAHOMA CITY THUNDER,
2020-02-08 02:00:00+00:00,HOUSTON ROCKETS,,PHOENIX SUNS,
2020-02-08 03:00:00+00:00,MIAMI HEAT,,SACRAMENTO KINGS,
2020-02-08 03:30:00+00:00,PORTLAND TRAIL BLAZERS,,UTAH JAZZ,
2020-02-08 22:00:00+00:00,MILWAUKEE BUCKS,,ORLANDO MAGIC,
2020-02-09 00:00:00+00:00,DALLAS MAVERICKS,,CHARLOTTE HORNETS,
2020-02-09 00:00:00+00:00,NEW YORK KNICKS,,DETROIT PISTONS,
2020-02-09 00:30:00+00:00,NEW ORLEANS PELICANS,,INDIANA PACERS,
2020-02-09 00:30:00+00:00,BROOKLYN NETS,,TORONTO RAPTORS,
2020-02-09 01:00:00+00:00,LOS ANGELES CLIPPERS,,MINNESOTA TIMBERWOLVES,
2020-02-09 01:30:00+00:00,LOS ANGELES LAKERS,,GOLDEN STATE WARRIORS,
2020-02-09 02:00:00+00:00,DENVER NUGGETS,,PHOENIX SUNS,
2020-02-09 03:00:00+00:00,SAN ANTONIO SPURS,,SACRAMENTO KINGS,
2020-02-09 20:30:00+00:00,BOSTON CELTICS,,OKLAHOMA CITY THUNDER,
2020-02-09 23:00:00+00:00,NEW YORK KNICKS,,ATLANTA HAWKS,
2020-02-09 23:00:00+00:00,CHICAGO BULLS,,PHILADELPHIA 76ERS,
2020-02-09 23:00:00+00:00,MEMPHIS GRIZZLIES,,WASHINGTON WIZARDS,
2020-02-10 00:00:00+00:00,UTAH JAZZ,,HOUSTON ROCKETS,
2020-02-10 00:30:00+00:00,LOS ANGELES CLIPPERS,,CLEVELAND CAVALIERS,
2020-02-10 02:00:00+00:00,MIAMI HEAT,,PORTLAND TRAIL BLAZERS,
2020-02-11 00:00:00+00:00,CHARLOTTE HORNETS,,DETROIT PISTONS,
2020-02-11 00:00:00+00:00,BROOKLYN NETS,,INDIANA PACERS,
2020-02-11 00:00:00+00:00,ATLANTA HAWKS,,ORLANDO MAGIC,
2020-02-11 00:30:00+00:00,MINNESOTA TIMBERWOLVES,,TORONTO RAPTORS,
2020-02-11 01:00:00+00:00,SACRAMENTO KINGS,,MILWAUKEE BUCKS,
2020-02-11 01:30:00+00:00,UTAH JAZZ,,DALLAS MAVERICKS,
2020-02-11 02:00:00+00:00,SAN ANTONIO SPURS,,DENVER NUGGETS,
2020-02-11 03:30:00+00:00,MIAMI HEAT,,GOLDEN STATE WARRIORS,
2020-02-11 03:30:00+00:00,PHOENIX SUNS,,LOS ANGELES LAKERS,
2020-02-12 00:00:00+00:00,LOS ANGELES CLIPPERS,,PHILADELPHIA 76ERS,
2020-02-12 00:00:00+00:00,CHICAGO BULLS,,WASHINGTON WIZARDS,
2020-02-12 01:00:00+00:00,PORTLAND TRAIL BLAZERS,,NEW ORLEANS PELICANS,
2020-02-12 01:00:00+00:00,SAN ANTONIO SPURS,,OKLAHOMA CITY THUNDER,
2020-02-12 02:30:00+00:00,BOSTON CELTICS,,HOUSTON ROCKETS,
2020-02-13 00:00:00+00:00,ATLANTA HAWKS,,CLEVELAND CAVALIERS,
2020-02-13 00:00:00+00:00,DETROIT PISTONS,,ORLANDO MAGIC,
2020-02-13 00:30:00+00:00,TORONTO RAPTORS,,BROOKLYN NETS,
2020-02-13 00:30:00+00:00,MILWAUKEE BUCKS,,INDIANA PACERS,
2020-02-13 00:30:00+00:00,WASHINGTON WIZARDS,,NEW YORK KNICKS,
2020-02-13 01:00:00+00:00,PORTLAND TRAIL BLAZERS,,MEMPHIS GRIZZLIES,
2020-02-13 01:00:00+00:00,CHARLOTTE HORNETS,,MINNESOTA TIMBERWOLVES,
2020-02-13 01:30:00+00:00,SACRAMENTO KINGS,,DALLAS MAVERICKS,
2020-02-13 02:00:00+00:00,GOLDEN STATE WARRIORS,,PHOENIX SUNS,
2020-02-13 02:00:00+00:00,MIAMI HEAT,,UTAH JAZZ,
2020-02-13 03:00:00+00:00,LOS ANGELES LAKERS,,DENVER NUGGETS,
2020-02-14 01:00:00+00:00,LOS ANGELES CLIPPERS,,BOSTON CELTICS,
2020-02-14 01:00:00+00:00,OKLAHOMA CITY THUNDER,,NEW ORLEANS PELICANS,
2020-02-21 00:00:00+00:00,MILWAUKEE BUCKS,,DETROIT PISTONS,
2020-02-21 00:30:00+00:00,MIAMI HEAT,,ATLANTA HAWKS,
2020-02-21 01:00:00+00:00,CHARLOTTE HORNETS,,CHICAGO BULLS,
2020-02-21 01:00:00+00:00,BROOKLYN NETS,,PHILADELPHIA 76ERS,
2020-02-21 03:00:00+00:00,MEMPHIS GRIZZLIES,,SACRAMENTO KINGS,
2020-02-21 03:30:00+00:00,HOUSTON ROCKETS,,GOLDEN STATE WARRIORS,
2020-02-22 00:00:00+00:00,DALLAS MAVERICKS,,ORLANDO MAGIC,
2020-02-22 00:00:00+00:00,CLEVELAND CAVALIERS,,WASHINGTON WIZARDS,
2020-02-22 00:30:00+00:00,INDIANA PACERS,,NEW YORK KNICKS,
2020-02-22 00:30:00+00:00,PHOENIX SUNS,,TORONTO RAPTORS,
2020-02-22 01:00:00+00:00,BOSTON CELTICS,,MINNESOTA TIMBERWOLVES,
2020-02-22 01:00:00+00:00,DENVER NUGGETS,,OKLAHOMA CITY THUNDER,
2020-02-22 02:00:00+00:00,SAN ANTONIO SPURS,,UTAH JAZZ,
2020-02-22 03:30:00+00:00,MEMPHIS GRIZZLIES,,LOS ANGELES LAKERS,
2020-02-22 03:30:00+00:00,NEW ORLEANS PELICANS,,PORTLAND TRAIL BLAZERS,
2020-02-22 20:30:00+00:00,SACRAMENTO KINGS,,LOS ANGELES CLIPPERS,
2020-02-23 00:00:00+00:00,BROOKLYN NETS,,CHARLOTTE HORNETS,
2020-02-23 00:30:00+00:00,DALLAS MAVERICKS,,ATLANTA HAWKS,
2020-02-23 01:00:00+00:00,PHOENIX SUNS,,CHICAGO BULLS,
2020-02-23 01:00:00+00:00,CLEVELAND CAVALIERS,,MIAMI HEAT,
2020-02-23 01:30:00+00:00,PHILADELPHIA 76ERS,,MILWAUKEE BUCKS,
2020-02-23 02:00:00+00:00,HOUSTON ROCKETS,,UTAH JAZZ,
2020-02-23 20:30:00+00:00,BOSTON CELTICS,,LOS ANGELES LAKERS,
2020-02-23 23:00:00+00:00,MINNESOTA TIMBERWOLVES,,DENVER NUGGETS,
2020-02-23 23:00:00+00:00,INDIANA PACERS,,TORONTO RAPTORS,
2020-02-24 00:00:00+00:00,WASHINGTON WIZARDS,,CHICAGO BULLS,
2020-02-24 00:00:00+00:00,SAN ANTONIO SPURS,,OKLAHOMA CITY THUNDER,
2020-02-24 01:30:00+00:00,NEW ORLEANS PELICANS,,GOLDEN STATE WARRIORS,
2020-02-24 02:00:00+00:00,DETROIT PISTONS,,PORTLAND TRAIL BLAZERS,
2020-02-25 00:00:00+00:00,MIAMI HEAT,,CLEVELAND CAVALIERS,
2020-02-25 00:00:00+00:00,ATLANTA HAWKS,,PHILADELPHIA 76ERS,
2020-02-25 00:00:00+00:00,MILWAUKEE BUCKS,,WASHINGTON WIZARDS,
2020-02-25 00:30:00+00:00,ORLANDO MAGIC,,BROOKLYN NETS,
2020-02-25 01:00:00+00:00,NEW YORK KNICKS,,HOUSTON ROCKETS,
2020-02-25 01:30:00+00:00,MINNESOTA TIMBERWOLVES,,DALLAS MAVERICKS,
2020-02-25 02:00:00+00:00,PHOENIX SUNS,,UTAH JAZZ,
2020-02-25 03:30:00+00:00,MEMPHIS GRIZZLIES,,LOS ANGELES CLIPPERS,
2020-02-26 00:00:00+00:00,CHARLOTTE HORNETS,,INDIANA PACERS,
2020-02-26 00:30:00+00:00,MILWAUKEE BUCKS,,TORONTO RAPTORS,
2020-02-26 01:00:00+00:00,OKLAHOMA CITY THUNDER,,CHICAGO BULLS,
2020-02-26 02:00:00+00:00,DETROIT PISTONS,,DENVER NUGGETS,
2020-02-26 03:00:00+00:00,NEW ORLEANS PELICANS,,LOS ANGELES LAKERS,
2020-02-26 03:00:00+00:00,BOSTON CELTICS,,PORTLAND TRAIL BLAZERS,
2020-02-26 03:30:00+00:00,SACRAMENTO KINGS,,GOLDEN STATE WARRIORS,
2020-02-27 00:00:00+00:00,NEW YORK KNICKS,,CHARLOTTE HORNETS,
2020-02-27 00:00:00+00:00,PHILADELPHIA 76ERS,,CLEVELAND CAVALIERS,
2020-02-27 00:00:00+00:00,BROOKLYN NETS,,WASHINGTON WIZARDS,
2020-02-27 00:30:00+00:00,ORLANDO MAGIC,,ATLANTA HAWKS,
2020-02-27 00:30:00+00:00,MINNESOTA TIMBERWOLVES,,MIAMI HEAT,
2020-02-27 00:30:00+00:00,DALLAS MAVERICKS,,SAN ANTONIO SPURS,
2020-02-27 01:00:00+00:00,MEMPHIS GRIZZLIES,,HOUSTON ROCKETS,
2020-02-27 02:00:00+00:00,LOS ANGELES CLIPPERS,,PHOENIX SUNS,
2020-02-27 03:00:00+00:00,BOSTON CELTICS,,UTAH JAZZ,
2020-02-28 00:00:00+00:00,NEW YORK KNICKS,,PHILADELPHIA 76ERS,
2020-02-28 01:00:00+00:00,PORTLAND TRAIL BLAZERS,,INDIANA PACERS,
2020-02-28 01:00:00+00:00,SACRAMENTO KINGS,,OKLAHOMA CITY THUNDER,
2020-02-28 03:30:00+00:00,LOS ANGELES LAKERS,,GOLDEN STATE WARRIORS,
2020-02-29 00:00:00+00:00,MINNESOTA TIMBERWOLVES,,ORLANDO MAGIC,
2020-02-29 00:30:00+00:00,BROOKLYN NETS,,ATLANTA HAWKS,
2020-02-29 00:30:00+00:00,CHARLOTTE HORNETS,,TORONTO RAPTORS,
2020-02-29 01:00:00+00:00,SACRAMENTO KINGS,,MEMPHIS GRIZZLIES,
2020-02-29 01:00:00+00:00,DALLAS MAVERICKS,,MIAMI HEAT,
2020-02-29 01:00:00+00:00,OKLAHOMA CITY THUNDER,,MILWAUKEE BUCKS,
2020-02-29 01:00:00+00:00,CLEVELAND CAVALIERS,,NEW ORLEANS PELICANS,
2020-02-29 02:00:00+00:00,DETROIT PISTONS,,PHOENIX SUNS,
2020-02-29 02:00:00+00:00,WASHINGTON WIZARDS,,UTAH JAZZ,
2020-02-29 03:30:00+00:00,DENVER NUGGETS,,LOS ANGELES CLIPPERS,
2020-02-29 22:00:00+00:00,CHICAGO BULLS,,NEW YORK KNICKS,
2020-03-01 00:30:00+00:00,PORTLAND TRAIL BLAZERS,,ATLANTA HAWKS,
2020-03-01 00:30:00+00:00,BROOKLYN NETS,,MIAMI HEAT,
2020-03-01 01:00:00+00:00,INDIANA PACERS,,CLEVELAND CAVALIERS,
2020-03-01 01:00:00+00:00,LOS ANGELES LAKERS,,MEMPHIS GRIZZLIES,
2020-03-01 01:30:00+00:00,HOUSTON ROCKETS,,BOSTON CELTICS,
2020-03-01 01:30:00+00:00,ORLANDO MAGIC,,SAN ANTONIO SPURS,
2020-03-01 02:00:00+00:00,GOLDEN STATE WARRIORS,,PHOENIX SUNS,
2020-03-01 18:00:00+00:00,MILWAUKEE BUCKS,,CHARLOTTE HORNETS,
2020-03-01 20:30:00+00:00,PHILADELPHIA 76ERS,,LOS ANGELES CLIPPERS,
2020-03-01 20:30:00+00:00,DALLAS MAVERICKS,,MINNESOTA TIMBERWOLVES,
2020-03-01 23:00:00+00:00,TORONTO RAPTORS,,DENVER NUGGETS,
2020-03-01 23:00:00+00:00,DETROIT PISTONS,,SACRAMENTO KINGS,
2020-03-02 01:00:00+00:00,LOS ANGELES LAKERS,,NEW ORLEANS PELICANS,
2020-03-02 01:30:00+00:00,WASHINGTON WIZARDS,,GOLDEN STATE WARRIORS,
2020-03-03 00:00:00+00:00,UTAH JAZZ,,CLEVELAND CAVALIERS,
2020-03-03 00:00:00+00:00,HOUSTON ROCKETS,,NEW YORK KNICKS,
2020-03-03 00:00:00+00:00,PORTLAND TRAIL BLAZERS,,ORLANDO MAGIC,
2020-03-03 00:30:00+00:00,MEMPHIS GRIZZLIES,,ATLANTA HAWKS,
2020-03-03 00:30:00+00:00,MILWAUKEE BUCKS,,MIAMI HEAT,
2020-03-03 01:00:00+00:00,DALLAS MAVERICKS,,CHICAGO BULLS,
2020-03-03 01:30:00+00:00,INDIANA PACERS,,SAN ANTONIO SPURS,
2020-03-04 00:00:00+00:00,SAN ANTONIO SPURS,,CHARLOTTE HORNETS,
2020-03-04 00:30:00+00:00,BROOKLYN NETS,,BOSTON CELTICS,
2020-03-04 01:00:00+00:00,MINNESOTA TIMBERWOLVES,,NEW ORLEANS PELICANS,
2020-03-04 01:00:00+00:00,LOS ANGELES CLIPPERS,,OKLAHOMA CITY THUNDER,
2020-03-04 02:00:00+00:00,GOLDEN STATE WARRIORS,,DENVER NUGGETS,
2020-03-04 02:00:00+00:00,TORONTO RAPTORS,,PHOENIX SUNS,
2020-03-04 03:00:00+00:00,PHILADELPHIA 76ERS,,LOS ANGELES LAKERS,
2020-03-04 03:00:00+00:00,WASHINGTON WIZARDS,,SACRAMENTO KINGS,
2020-03-05 00:00:00+00:00,BOSTON CELTICS,,CLEVELAND CAVALIERS,
2020-03-05 00:00:00+00:00,OKLAHOMA CITY THUNDER,,DETROIT PISTONS,
2020-03-05 00:00:00+00:00,ORLANDO MAGIC,,MIAMI HEAT,
2020-03-05 00:30:00+00:00,MEMPHIS GRIZZLIES,,BROOKLYN NETS,
2020-03-05 00:30:00+00:00,UTAH JAZZ,,NEW YORK KNICKS,
2020-03-05 01:00:00+00:00,CHICAGO BULLS,,MINNESOTA TIMBERWOLVES,
2020-03-05 01:30:00+00:00,NEW ORLEANS PELICANS,,DALLAS MAVERICKS,
2020-03-05 02:30:00+00:00,INDIANA PACERS,,MILWAUKEE BUCKS,
2020-03-05 03:00:00+00:00,WASHINGTON WIZARDS,,PORTLAND TRAIL BLAZERS,
2020-03-06 00:00:00+00:00,DENVER NUGGETS,,CHARLOTTE HORNETS,
2020-03-06 01:00:00+00:00,LOS ANGELES CLIPPERS,,HOUSTON ROCKETS,
2020-03-06 03:00:00+00:00,PHILADELPHIA 76ERS,,SACRAMENTO KINGS,
2020-03-06 03:30:00+00:00,TORONTO RAPTORS,,GOLDEN STATE WARRIORS,
2020-03-07 00:00:00+00:00,ATLANTA HAWKS,,WASHINGTON WIZARDS,
2020-03-07 00:30:00+00:00,SAN ANTONIO SPURS,,BROOKLYN NETS,
2020-03-07 00:30:00+00:00,OKLAHOMA CITY THUNDER,,NEW YORK KNICKS,
2020-03-07 01:00:00+00:00,UTAH JAZZ,,BOSTON CELTICS,
2020-03-07 01:00:00+00:00,INDIANA PACERS,,CHICAGO BULLS,
2020-03-07 01:00:00+00:00,ORLANDO MAGIC,,MINNESOTA TIMBERWOLVES,
2020-03-07 01:00:00+00:00,MIAMI HEAT,,NEW ORLEANS PELICANS,
2020-03-07 01:30:00+00:00,MEMPHIS GRIZZLIES,,DALLAS MAVERICKS,
2020-03-07 02:00:00+00:00,PORTLAND TRAIL BLAZERS,,PHOENIX SUNS,
2020-03-07 03:30:00+00:00,MILWAUKEE BUCKS,,LOS ANGELES LAKERS,
2020-03-07 22:00:00+00:00,HOUSTON ROCKETS,,CHARLOTTE HORNETS,
2020-03-08 00:00:00+00:00,UTAH JAZZ,,DETROIT PISTONS,
2020-03-08 00:30:00+00:00,DENVER NUGGETS,,CLEVELAND CAVALIERS,
2020-03-08 01:00:00+00:00,ATLANTA HAWKS,,MEMPHIS GRIZZLIES,
2020-03-08 01:30:00+00:00,PHILADELPHIA 76ERS,,GOLDEN STATE WARRIORS,
2020-03-08 03:00:00+00:00,SACRAMENTO KINGS,,PORTLAND TRAIL BLAZERS,
2020-03-08 19:00:00+00:00,CHICAGO BULLS,,BROOKLYN NETS,
2020-03-08 19:30:00+00:00,LOS ANGELES LAKERS,,LOS ANGELES CLIPPERS,
2020-03-08 19:30:00+00:00,NEW ORLEANS PELICANS,,MINNESOTA TIMBERWOLVES,
2020-03-08 22:00:00+00:00,OKLAHOMA CITY THUNDER,,BOSTON CELTICS,
2020-03-08 22:00:00+00:00,MILWAUKEE BUCKS,,PHOENIX SUNS,
2020-03-08 23:00:00+00:00,INDIANA PACERS,,DALLAS MAVERICKS,
2020-03-08 23:00:00+00:00,ORLANDO MAGIC,,HOUSTON ROCKETS,
2020-03-08 23:00:00+00:00,MIAMI HEAT,,WASHINGTON WIZARDS,
2020-03-08 23:30:00+00:00,SAN ANTONIO SPURS,,CLEVELAND CAVALIERS,
2020-03-08 23:30:00+00:00,DETROIT PISTONS,,NEW YORK KNICKS,
2020-03-09 01:00:00+00:00,TORONTO RAPTORS,,SACRAMENTO KINGS,
2020-03-09 23:30:00+00:00,CHARLOTTE HORNETS,,ATLANTA HAWKS,
2020-03-10 01:00:00+00:00,MILWAUKEE BUCKS,,DENVER NUGGETS,
2020-03-10 01:00:00+00:00,TORONTO RAPTORS,,UTAH JAZZ,
2020-03-10 23:00:00+00:00,BOSTON CELTICS,,INDIANA PACERS,
2020-03-10 23:00:00+00:00,NEW YORK KNICKS,,WASHINGTON WIZARDS,
2020-03-11 00:00:00+00:00,CLEVELAND CAVALIERS,,CHICAGO BULLS,
2020-03-11 00:00:00+00:00,MINNESOTA TIMBERWOLVES,,HOUSTON ROCKETS,
2020-03-11 00:00:00+00:00,ORLANDO MAGIC,,MEMPHIS GRIZZLIES,
2020-03-11 00:00:00+00:00,DALLAS MAVERICKS,,SAN ANTONIO SPURS,
2020-03-11 02:00:00+00:00,PHOENIX SUNS,,PORTLAND TRAIL BLAZERS,
2020-03-11 02:30:00+00:00,LOS ANGELES CLIPPERS,,GOLDEN STATE WARRIORS,
2020-03-11 02:30:00+00:00,BROOKLYN NETS,,LOS ANGELES LAKERS,
2020-03-11 23:30:00+00:00,NEW YORK KNICKS,,ATLANTA HAWKS,
2020-03-11 23:30:00+00:00,CHARLOTTE HORNETS,,MIAMI HEAT,
2020-03-11 23:30:00+00:00,DETROIT PISTONS,,PHILADELPHIA 76ERS,
2020-03-12 00:00:00+00:00,UTAH JAZZ,,OKLAHOMA CITY THUNDER,
2020-03-12 00:30:00+00:00,DENVER NUGGETS,,DALLAS MAVERICKS,
2020-03-12 02:00:00+00:00,NEW ORLEANS PELICANS,,SACRAMENTO KINGS,
2020-03-12 23:00:00+00:00,CHICAGO BULLS,,ORLANDO MAGIC,
2020-03-13 00:00:00+00:00,BOSTON CELTICS,,MILWAUKEE BUCKS,
2020-03-13 02:00:00+00:00,MEMPHIS GRIZZLIES,,PORTLAND TRAIL BLAZERS,
2020-03-13 02:30:00+00:00,BROOKLYN NETS,,GOLDEN STATE WARRIORS,
2020-03-13 02:30:00+00:00,HOUSTON ROCKETS,,LOS ANGELES LAKERS,
2020-03-13 23:00:00+00:00,CLEVELAND CAVALIERS,,CHARLOTTE HORNETS,
2020-03-13 23:30:00+00:00,WASHINGTON WIZARDS,,BOSTON CELTICS,
2020-03-14 00:00:00+00:00,NEW YORK KNICKS,,MIAMI HEAT,
2020-03-14 00:00:00+00:00,MINNESOTA TIMBERWOLVES,,OKLAHOMA CITY THUNDER,
2020-03-14 00:30:00+00:00,DENVER NUGGETS,,SAN ANTONIO SPURS,
2020-03-14 01:00:00+00:00,NEW ORLEANS PELICANS,,UTAH JAZZ,
2020-03-14 02:30:00+00:00,BROOKLYN NETS,,LOS ANGELES CLIPPERS,
2020-03-14 18:00:00+00:00,PHOENIX SUNS,,DALLAS MAVERICKS,
2020-03-14 23:30:00+00:00,CLEVELAND CAVALIERS,,ATLANTA HAWKS,
2020-03-14 23:30:00+00:00,INDIANA PACERS,,PHILADELPHIA 76ERS,
2020-03-14 23:30:00+00:00,DETROIT PISTONS,,TORONTO RAPTORS,
2020-03-15 00:00:00+00:00,CHICAGO BULLS,,MIAMI HEAT,
2020-03-15 00:30:00+00:00,GOLDEN STATE WARRIORS,,MILWAUKEE BUCKS,
2020-03-15 00:30:00+00:00,MINNESOTA TIMBERWOLVES,,SAN ANTONIO SPURS,
2020-03-15 01:00:00+00:00,MEMPHIS GRIZZLIES,,UTAH JAZZ,
2020-03-15 02:30:00+00:00,NEW ORLEANS PELICANS,,LOS ANGELES CLIPPERS,
2020-03-15 19:30:00+00:00,HOUSTON ROCKETS,,PORTLAND TRAIL BLAZERS,
2020-03-15 22:00:00+00:00,CHARLOTTE HORNETS,,ORLANDO MAGIC,
2020-03-15 22:00:00+00:00,OKLAHOMA CITY THUNDER,,WASHINGTON WIZARDS,
2020-03-16 00:00:00+00:00,BOSTON CELTICS,,CHICAGO BULLS,
2020-03-16 01:00:00+00:00,DENVER NUGGETS,,LOS ANGELES LAKERS,
2020-03-16 01:00:00+00:00,BROOKLYN NETS,,SACRAMENTO KINGS,
2020-03-16 23:00:00+00:00,WASHINGTON WIZARDS,,PHILADELPHIA 76ERS,
2020-03-17 00:00:00+00:00,MIAMI HEAT,,MILWAUKEE BUCKS,
2020-03-17 00:00:00+00:00,ATLANTA HAWKS,,NEW ORLEANS PELICANS,
2020-03-17 00:00:00+00:00,GOLDEN STATE WARRIORS,,TORONTO RAPTORS,
2020-03-17 00:30:00+00:00,MEMPHIS GRIZZLIES,,SAN ANTONIO SPURS,
2020-03-17 01:00:00+00:00,LOS ANGELES LAKERS,,UTAH JAZZ,
2020-03-17 02:30:00+00:00,DALLAS MAVERICKS,,LOS ANGELES CLIPPERS,
2020-03-17 23:00:00+00:00,ORLANDO MAGIC,,DETROIT PISTONS,
2020-03-17 23:30:00+00:00,CHARLOTTE HORNETS,,NEW YORK KNICKS,
2020-03-18 00:00:00+00:00,CLEVELAND CAVALIERS,,HOUSTON ROCKETS,
2020-03-18 00:00:00+00:00,OKLAHOMA CITY THUNDER,,MEMPHIS GRIZZLIES,
2020-03-18 02:00:00+00:00,MINNESOTA TIMBERWOLVES,,PORTLAND TRAIL BLAZERS,
2020-03-18 02:00:00+00:00,DALLAS MAVERICKS,,SACRAMENTO KINGS,
2020-03-18 23:00:00+00:00,TORONTO RAPTORS,,PHILADELPHIA 76ERS,
2020-03-18 23:30:00+00:00,OKLAHOMA CITY THUNDER,,ATLANTA HAWKS,
2020-03-18 23:30:00+00:00,NEW YORK KNICKS,,BOSTON CELTICS,
2020-03-18 23:30:00+00:00,WASHINGTON WIZARDS,,BROOKLYN NETS,
2020-03-18 23:30:00+00:00,GOLDEN STATE WARRIORS,,INDIANA PACERS,
2020-03-19 00:00:00+00:00,MIAMI HEAT,,CHICAGO BULLS,
2020-03-19 00:00:00+00:00,SAN ANTONIO SPURS,,NEW ORLEANS PELICANS,
2020-03-19 01:00:00+00:00,LOS ANGELES CLIPPERS,,DENVER NUGGETS,
2020-03-19 02:00:00+00:00,UTAH JAZZ,,LOS ANGELES LAKERS,
2020-03-19 02:00:00+00:00,MINNESOTA TIMBERWOLVES,,PHOENIX SUNS,
2020-03-19 23:00:00+00:00,PHILADELPHIA 76ERS,,CHARLOTTE HORNETS,
2020-03-19 23:00:00+00:00,CLEVELAND CAVALIERS,,ORLANDO MAGIC,
2020-03-20 00:00:00+00:00,SACRAMENTO KINGS,,HOUSTON ROCKETS,
2020-03-20 00:00:00+00:00,MEMPHIS GRIZZLIES,,MILWAUKEE BUCKS,
2020-03-20 02:00:00+00:00,DALLAS MAVERICKS,,PORTLAND TRAIL BLAZERS,
2020-03-20 23:00:00+00:00,GOLDEN STATE WARRIORS,,DETROIT PISTONS,
2020-03-20 23:00:00+00:00,MIAMI HEAT,,INDIANA PACERS,
2020-03-20 23:30:00+00:00,WASHINGTON WIZARDS,,ATLANTA HAWKS,
2020-03-20 23:30:00+00:00,BOSTON CELTICS,,TORONTO RAPTORS,
2020-03-21 00:00:00+00:00,DENVER NUGGETS,,OKLAHOMA CITY THUNDER,
2020-03-21 00:30:00+00:00,CHICAGO BULLS,,SAN ANTONIO SPURS,
2020-03-21 01:00:00+00:00,MINNESOTA TIMBERWOLVES,,UTAH JAZZ,
2020-03-21 02:30:00+00:00,PHOENIX SUNS,,LOS ANGELES CLIPPERS,
2020-03-21 22:00:00+00:00,BOSTON CELTICS,,BROOKLYN NETS,
2020-03-21 23:00:00+00:00,LOS ANGELES LAKERS,,CHARLOTTE HORNETS,
2020-03-21 23:00:00+00:00,CLEVELAND CAVALIERS,,INDIANA PACERS,
2020-03-21 23:00:00+00:00,SACRAMENTO KINGS,,ORLANDO MAGIC,
2020-03-21 23:00:00+00:00,ATLANTA HAWKS,,PHILADELPHIA 76ERS,
2020-03-21 23:30:00+00:00,GOLDEN STATE WARRIORS,,NEW YORK KNICKS,
2020-03-22 00:00:00+00:00,CHICAGO BULLS,,HOUSTON ROCKETS,
2020-03-22 00:00:00+00:00,NEW ORLEANS PELICANS,,MEMPHIS GRIZZLIES,
2020-03-22 00:00:00+00:00,MILWAUKEE BUCKS,,WASHINGTON WIZARDS,
2020-03-22 02:00:00+00:00,DALLAS MAVERICKS,,PHOENIX SUNS,
2020-03-22 22:00:00+00:00,LOS ANGELES LAKERS,,DETROIT PISTONS,
2020-03-22 22:00:00+00:00,DENVER NUGGETS,,TORONTO RAPTORS,
2020-03-22 23:00:00+00:00,PORTLAND TRAIL BLAZERS,,MINNESOTA TIMBERWOLVES,
2020-03-22 23:00:00+00:00,SACRAMENTO KINGS,,NEW ORLEANS PELICANS,
2020-03-22 23:00:00+00:00,UTAH JAZZ,,SAN ANTONIO SPURS,
2020-03-23 23:00:00+00:00,PHOENIX SUNS,,INDIANA PACERS,
2020-03-23 23:00:00+00:00,LOS ANGELES CLIPPERS,,NEW YORK KNICKS,
2020-03-23 23:00:00+00:00,BOSTON CELTICS,,WASHINGTON WIZARDS,
2020-03-23 23:30:00+00:00,ORLANDO MAGIC,,BROOKLYN NETS,
2020-03-23 23:30:00+00:00,OKLAHOMA CITY THUNDER,,MIAMI HEAT,
2020-03-24 00:00:00+00:00,DENVER NUGGETS,,CHICAGO BULLS,
2020-03-24 00:00:00+00:00,DETROIT PISTONS,,MILWAUKEE BUCKS,
2020-03-24 00:30:00+00:00,HOUSTON ROCKETS,,DALLAS MAVERICKS,
2020-03-24 23:00:00+00:00,PORTLAND TRAIL BLAZERS,,CHARLOTTE HORNETS,
2020-03-24 23:00:00+00:00,SACRAMENTO KINGS,,CLEVELAND CAVALIERS,
2020-03-24 23:30:00+00:00,LOS ANGELES LAKERS,,TORONTO RAPTORS,
2020-03-25 00:00:00+00:00,PHILADELPHIA 76ERS,,MINNESOTA TIMBERWOLVES,
2020-03-25 00:00:00+00:00,MEMPHIS GRIZZLIES,,NEW ORLEANS PELICANS,
2020-03-25 02:00:00+00:00,SAN ANTONIO SPURS,,UTAH JAZZ,
2020-03-25 23:00:00+00:00,LOS ANGELES CLIPPERS,,BROOKLYN NETS,
2020-03-25 23:00:00+00:00,PORTLAND TRAIL BLAZERS,,DETROIT PISTONS,
2020-03-25 23:00:00+00:00,INDIANA PACERS,,ORLANDO MAGIC,
2020-03-25 23:00:00+00:00,PHOENIX SUNS,,WASHINGTON WIZARDS,
2020-03-25 23:30:00+00:00,DENVER NUGGETS,,MIAMI HEAT,
2020-03-25 23:30:00+00:00,TORONTO RAPTORS,,NEW YORK KNICKS,
2020-03-26 00:00:00+00:00,BOSTON CELTICS,,MEMPHIS GRIZZLIES,
2020-03-26 01:30:00+00:00,HOUSTON ROCKETS,,MILWAUKEE BUCKS,
2020-03-26 02:30:00+00:00,ATLANTA HAWKS,,GOLDEN STATE WARRIORS,
2020-03-26 23:00:00+00:00,LOS ANGELES LAKERS,,CLEVELAND CAVALIERS,
2020-03-27 00:00:00+00:00,PHILADELPHIA 76ERS,,CHICAGO BULLS,
2020-03-27 00:00:00+00:00,SAN ANTONIO SPURS,,MINNESOTA TIMBERWOLVES,
2020-03-27 00:00:00+00:00,CHARLOTTE HORNETS,,OKLAHOMA CITY THUNDER,
2020-03-27 00:30:00+00:00,UTAH JAZZ,,DALLAS MAVERICKS,
2020-03-27 02:00:00+00:00,ATLANTA HAWKS,,SACRAMENTO KINGS,
2020-03-27 23:00:00+00:00,LOS ANGELES CLIPPERS,,DETROIT PISTONS,
2020-03-27 23:00:00+00:00,HOUSTON ROCKETS,,INDIANA PACERS,
2020-03-27 23:00:00+00:00,BROOKLYN NETS,,ORLANDO MAGIC,
2020-03-27 23:00:00+00:00,PHOENIX SUNS,,PHILADELPHIA 76ERS,
2020-03-27 23:30:00+00:00,PORTLAND TRAIL BLAZERS,,BOSTON CELTICS,
2020-03-28 00:00:00+00:00,NEW YORK KNICKS,,NEW ORLEANS PELICANS,
2020-03-28 00:30:00+00:00,WASHINGTON WIZARDS,,MILWAUKEE BUCKS,
2020-03-28 01:00:00+00:00,SAN ANTONIO SPURS,,DENVER NUGGETS,
2020-03-28 22:00:00+00:00,CLEVELAND CAVALIERS,,BROOKLYN NETS,
2020-03-28 23:00:00+00:00,LOS ANGELES CLIPPERS,,CHARLOTTE HORNETS,
2020-03-29 00:00:00+00:00,NEW YORK KNICKS,,CHICAGO BULLS,
2020-03-29 00:00:00+00:00,TORONTO RAPTORS,,MEMPHIS GRIZZLIES,
2020-03-29 00:00:00+00:00,PHOENIX SUNS,,MIAMI HEAT,
2020-03-29 00:00:00+00:00,LOS ANGELES LAKERS,,WASHINGTON WIZARDS,
2020-03-29 00:30:00+00:00,OKLAHOMA CITY THUNDER,,GOLDEN STATE WARRIORS,
2020-03-29 01:00:00+00:00,ATLANTA HAWKS,,UTAH JAZZ,
2020-03-29 19:00:00+00:00,MILWAUKEE BUCKS,,DALLAS MAVERICKS,
2020-03-29 21:00:00+00:00,HOUSTON ROCKETS,,DETROIT PISTONS,
2020-03-29 22:00:00+00:00,MINNESOTA TIMBERWOLVES,,BOSTON CELTICS,
2020-03-29 22:00:00+00:00,NEW ORLEANS PELICANS,,ORLANDO MAGIC,
2020-03-29 23:30:00+00:00,PORTLAND TRAIL BLAZERS,,PHILADELPHIA 76ERS,
2020-03-30 00:30:00+00:00,SAN ANTONIO SPURS,,GOLDEN STATE WARRIORS,
2020-03-30 01:00:00+00:00,INDIANA PACERS,,SACRAMENTO KINGS,
2020-03-30 23:00:00+00:00,MIAMI HEAT,,CHARLOTTE HORNETS,
2020-03-30 23:00:00+00:00,PHOENIX SUNS,,CLEVELAND CAVALIERS,
2020-03-30 23:30:00+00:00,PORTLAND TRAIL BLAZERS,,BROOKLYN NETS,
2020-03-30 23:30:00+00:00,MEMPHIS GRIZZLIES,,TORONTO RAPTORS,
2020-03-31 00:00:00+00:00,LOS ANGELES LAKERS,,MINNESOTA TIMBERWOLVES,
2020-03-31 01:00:00+00:00,OKLAHOMA CITY THUNDER,,DENVER NUGGETS,
2020-03-31 01:00:00+00:00,CHICAGO BULLS,,UTAH JAZZ,
2020-03-31 02:30:00+00:00,INDIANA PACERS,,LOS ANGELES CLIPPERS,
2020-03-31 23:30:00+00:00,NEW ORLEANS PELICANS,,ATLANTA HAWKS,
2020-03-31 23:30:00+00:00,HOUSTON ROCKETS,,PHILADELPHIA 76ERS,
2020-04-01 02:00:00+00:00,DENVER NUGGETS,,GOLDEN STATE WARRIORS,
2020-04-01 02:00:00+00:00,SAN ANTONIO SPURS,,SACRAMENTO KINGS,
2020-04-01 23:00:00+00:00,CHARLOTTE HORNETS,,ORLANDO MAGIC,
2020-04-01 23:00:00+00:00,NEW ORLEANS PELICANS,,WASHINGTON WIZARDS,
2020-04-01 23:30:00+00:00,MIAMI HEAT,,BOSTON CELTICS,
2020-04-01 23:30:00+00:00,DETROIT PISTONS,,BROOKLYN NETS,
2020-04-02 00:00:00+00:00,NEW YORK KNICKS,,MEMPHIS GRIZZLIES,
2020-04-02 00:00:00+00:00,DALLAS MAVERICKS,,MINNESOTA TIMBERWOLVES,
2020-04-02 00:00:00+00:00,PHOENIX SUNS,,OKLAHOMA CITY THUNDER,
2020-04-02 01:00:00+00:00,TORONTO RAPTORS,,MILWAUKEE BUCKS,
2020-04-02 01:00:00+00:00,CLEVELAND CAVALIERS,,UTAH JAZZ,
2020-04-02 02:30:00+00:00,INDIANA PACERS,,LOS ANGELES LAKERS,
2020-04-03 00:00:00+00:00,GOLDEN STATE WARRIORS,,HOUSTON ROCKETS,
2020-04-03 02:00:00+00:00,LOS ANGELES CLIPPERS,,SACRAMENTO KINGS,
2020-04-03 02:30:00+00:00,UTAH JAZZ,,PORTLAND TRAIL BLAZERS,
2020-04-03 23:00:00+00:00,MIAMI HEAT,,DETROIT PISTONS,
2020-04-03 23:00:00+00:00,BROOKLYN NETS,,INDIANA PACERS,
2020-04-03 23:00:00+00:00,PHILADELPHIA 76ERS,,WASHINGTON WIZARDS,
2020-04-03 23:30:00+00:00,CHARLOTTE HORNETS,,ATLANTA HAWKS,
2020-04-03 23:30:00+00:00,ORLANDO MAGIC,,BOSTON CELTICS,
2020-04-03 23:30:00+00:00,MINNESOTA TIMBERWOLVES,,NEW YORK KNICKS,
2020-04-03 23:30:00+00:00,MILWAUKEE BUCKS,,TORONTO RAPTORS,
2020-04-04 00:00:00+00:00,DALLAS MAVERICKS,,MEMPHIS GRIZZLIES,
2020-04-04 00:30:00+00:00,GOLDEN STATE WARRIORS,,SAN ANTONIO SPURS,
2020-04-04 01:00:00+00:00,CHICAGO BULLS,,DENVER NUGGETS,
2020-04-04 02:00:00+00:00,CLEVELAND CAVALIERS,,PHOENIX SUNS,
2020-04-04 19:30:00+00:00,OKLAHOMA CITY THUNDER,,LOS ANGELES CLIPPERS,
2020-04-05 02:00:00+00:00,LOS ANGELES LAKERS,,SACRAMENTO KINGS,
2020-04-05 17:00:00+00:00,ATLANTA HAWKS,,CHARLOTTE HORNETS,
2020-04-05 17:00:00+00:00,ORLANDO MAGIC,,PHILADELPHIA 76ERS,
2020-04-05 19:30:00+00:00,MILWAUKEE BUCKS,,BOSTON CELTICS,
2020-04-05 21:00:00+00:00,WASHINGTON WIZARDS,,INDIANA PACERS,
2020-04-05 21:00:00+00:00,MIAMI HEAT,,NEW YORK KNICKS,
2020-04-05 22:00:00+00:00,DALLAS MAVERICKS,,BROOKLYN NETS,
2020-04-05 22:00:00+00:00,UTAH JAZZ,,DENVER NUGGETS,
2020-04-05 22:00:00+00:00,CHICAGO BULLS,,PHOENIX SUNS,
2020-04-05 23:00:00+00:00,TORONTO RAPTORS,,HOUSTON ROCKETS,
2020-04-05 23:00:00+00:00,DETROIT PISTONS,,MINNESOTA TIMBERWOLVES,
2020-04-05 23:00:00+00:00,NEW ORLEANS PELICANS,,SAN ANTONIO SPURS,
2020-04-06 01:00:00+00:00,MEMPHIS GRIZZLIES,,PORTLAND TRAIL BLAZERS,
2020-04-06 01:00:00+00:00,CLEVELAND CAVALIERS,,SACRAMENTO KINGS,
2020-04-06 01:30:00+00:00,OKLAHOMA CITY THUNDER,,LOS ANGELES LAKERS,
2020-04-07 23:00:00+00:00,TORONTO RAPTORS,,WASHINGTON WIZARDS,
2020-04-07 23:30:00+00:00,DETROIT PISTONS,,ATLANTA HAWKS,
2020-04-07 23:30:00+00:00,INDIANA PACERS,,MIAMI HEAT,
2020-04-07 23:30:00+00:00,MILWAUKEE BUCKS,,PHILADELPHIA 76ERS,
2020-04-08 00:00:00+00:00,PHOENIX SUNS,,MINNESOTA TIMBERWOLVES,
2020-04-08 00:00:00+00:00,CHARLOTTE HORNETS,,NEW ORLEANS PELICANS,
2020-04-08 00:00:00+00:00,BROOKLYN NETS,,OKLAHOMA CITY THUNDER,
2020-04-08 00:30:00+00:00,HOUSTON ROCKETS,,DALLAS MAVERICKS,
2020-04-08 00:30:00+00:00,SACRAMENTO KINGS,,SAN ANTONIO SPURS,
2020-04-08 01:00:00+00:00,MEMPHIS GRIZZLIES,,DENVER NUGGETS,
2020-04-08 02:00:00+00:00,CLEVELAND CAVALIERS,,PORTLAND TRAIL BLAZERS,
2020-04-08 02:00:00+00:00,LOS ANGELES CLIPPERS,,UTAH JAZZ,
2020-04-08 02:30:00+00:00,CHICAGO BULLS,,LOS ANGELES LAKERS,
2020-04-08 23:00:00+00:00,INDIANA PACERS,,BOSTON CELTICS,
2020-04-08 23:00:00+00:00,TORONTO RAPTORS,,CHARLOTTE HORNETS,
2020-04-08 23:30:00+00:00,ORLANDO MAGIC,,NEW YORK KNICKS,
2020-04-09 01:30:00+00:00,SAN ANTONIO SPURS,,HOUSTON ROCKETS,
2020-04-09 02:30:00+00:00,CLEVELAND CAVALIERS,,GOLDEN STATE WARRIORS,
2020-04-09 02:30:00+00:00,CHICAGO BULLS,,LOS ANGELES CLIPPERS,
2020-04-09 23:30:00+00:00,DETROIT PISTONS,,MIAMI HEAT,
2020-04-10 00:00:00+00:00,BROOKLYN NETS,,MILWAUKEE BUCKS,
2020-04-10 00:00:00+00:00,SACRAMENTO KINGS,,MINNESOTA TIMBERWOLVES,
2020-04-10 00:00:00+00:00,PHOENIX SUNS,,NEW ORLEANS PELICANS,
2020-04-10 02:00:00+00:00,DENVER NUGGETS,,PORTLAND TRAIL BLAZERS,
2020-04-10 02:30:00+00:00,GOLDEN STATE WARRIORS,,LOS ANGELES LAKERS,
2020-04-10 23:00:00+00:00,BOSTON CELTICS,,ORLANDO MAGIC,
2020-04-10 23:30:00+00:00,ATLANTA HAWKS,,TORONTO RAPTORS,
2020-04-11 00:00:00+00:00,WASHINGTON WIZARDS,,HOUSTON ROCKETS,
2020-04-11 00:00:00+00:00,NEW YORK KNICKS,,OKLAHOMA CITY THUNDER,
2020-04-11 00:30:00+00:00,PHILADELPHIA 76ERS,,SAN ANTONIO SPURS,
2020-04-11 19:00:00+00:00,DETROIT PISTONS,,DALLAS MAVERICKS,
2020-04-11 23:00:00+00:00,WASHINGTON WIZARDS,,CHARLOTTE HORNETS,
2020-04-11 23:00:00+00:00,ORLANDO MAGIC,,INDIANA PACERS,
2020-04-11 23:00:00+00:00,PHILADELPHIA 76ERS,,NEW ORLEANS PELICANS,
2020-04-11 23:30:00+00:00,MILWAUKEE BUCKS,,CLEVELAND CAVALIERS,
2020-04-12 00:00:00+00:00,BROOKLYN NETS,,CHICAGO BULLS,
2020-04-12 00:00:00+00:00,OKLAHOMA CITY THUNDER,,MEMPHIS GRIZZLIES,
2020-04-12 00:00:00+00:00,BOSTON CELTICS,,MIAMI HEAT,
2020-04-12 00:30:00+00:00,GOLDEN STATE WARRIORS,,LOS ANGELES CLIPPERS,
2020-04-12 01:00:00+00:00,SACRAMENTO KINGS,,DENVER NUGGETS,
2020-04-12 02:00:00+00:00,UTAH JAZZ,,PHOENIX SUNS,
2020-04-12 19:30:00+00:00,HOUSTON ROCKETS,,SAN ANTONIO SPURS,
2020-04-12 22:00:00+00:00,NEW YORK KNICKS,,TORONTO RAPTORS,
2020-04-12 23:00:00+00:00,ATLANTA HAWKS,,MILWAUKEE BUCKS,
2020-04-13 01:30:00+00:00,MINNESOTA TIMBERWOLVES,,LOS ANGELES LAKERS,
2020-04-13 23:00:00+00:00,MIAMI HEAT,,CHARLOTTE HORNETS,
2020-04-13 23:00:00+00:00,BROOKLYN NETS,,CLEVELAND CAVALIERS,
2020-04-13 23:00:00+00:00,BOSTON CELTICS,,DETROIT PISTONS,
2020-04-13 23:00:00+00:00,SAN ANTONIO SPURS,,INDIANA PACERS,
2020-04-14 00:00:00+00:00,ORLANDO MAGIC,,CHICAGO BULLS,
2020-04-14 00:00:00+00:00,PHOENIX SUNS,,HOUSTON ROCKETS,
2020-04-14 00:00:00+00:00,PHILADELPHIA 76ERS,,MEMPHIS GRIZZLIES,
2020-04-14 00:00:00+00:00,WASHINGTON WIZARDS,,NEW ORLEANS PELICANS,
2020-04-14 00:00:00+00:00,UTAH JAZZ,,OKLAHOMA CITY THUNDER,
2020-04-14 01:00:00+00:00,DALLAS MAVERICKS,,DENVER NUGGETS,
2020-04-14 02:30:00+00:00,PORTLAND TRAIL BLAZERS,,GOLDEN STATE WARRIORS,
2020-04-14 02:30:00+00:00,MINNESOTA TIMBERWOLVES,,LOS ANGELES CLIPPERS,
2020-04-14 23:30:00+00:00,TORONTO RAPTORS,,MIAMI HEAT,
2020-04-14 23:30:00+00:00,DETROIT PISTONS,,NEW YORK KNICKS,
2020-04-15 02:00:00+00:00,DENVER NUGGETS,,UTAH JAZZ,
2020-04-15 02:30:00+00:00,SACRAMENTO KINGS,,LOS ANGELES LAKERS,
2020-04-15 23:30:00+00:00,CLEVELAND CAVALIERS,,ATLANTA HAWKS,
2020-04-15 23:30:00+00:00,CHICAGO BULLS,,BOSTON CELTICS,
2020-04-15 23:30:00+00:00,MILWAUKEE BUCKS,,BROOKLYN NETS,
2020-04-15 23:30:00+00:00,OKLAHOMA CITY THUNDER,,DALLAS MAVERICKS,
2020-04-15 23:30:00+00:00,MEMPHIS GRIZZLIES,,HOUSTON ROCKETS,
2020-04-15 23:30:00+00:00,NEW YORK KNICKS,,MINNESOTA TIMBERWOLVES,
2020-04-15 23:30:00+00:00,TORONTO RAPTORS,,ORLANDO MAGIC,
2020-04-15 23:30:00+00:00,CHARLOTTE HORNETS,,PHILADELPHIA 76ERS,
2020-04-15 23:30:00+00:00,NEW ORLEANS PELICANS,,SAN ANTONIO SPURS,
2020-04-15 23:30:00+00:00,INDIANA PACERS,,WASHINGTON WIZARDS,
2020-04-16 02:00:00+00:00,LOS ANGELES LAKERS,,PHOENIX SUNS,
2020-04-16 02:00:00+00:00,LOS ANGELES CLIPPERS,,PORTLAND TRAIL BLAZERS,
2020-04-16 02:00:00+00:00,GOLDEN STATE WARRIORS,,SACRAMENTO KINGS,
